version,generatedAt,cadFingerprint,dataFingerprint,id,name,category,installedQuantity,purchaseQuantity,unit,specification,candidate,alternatives,parts,connections,mounting,unitPrice,installedSubtotal,packageQuantity,packagePrice,status,source,acceptance,note
V3-purchased-specs-1,2026-10-02T14:51:22.500327+00:00,205dd1f90ef6ce77c56568830003d76d7614c1b5549a5d74005bb03a53cd3a4a,76cc7a3ee0833caf90fa4d2a0a3c09ee9499a07a606a80770ab65543916569bc,esp,ESP32-C3 SuperMini,purchased,1.0,1,件,ESP32-C3 SuperMini已焊排针；宽/长/器件及排针高度待实物核对,ESP32-C3 SuperMini已焊排针,仅替换满足全部接口与尺寸要求的同规格件；变化须核对CAD,esp | esp_clip | electronics_tray,,电气台架使用；当前CAD候选板/接头包络不能证明本SKU装壳适配,12.65,12.65,1,12.65,unresolved,https://cdn.luogu.com.cn/upload/image_hosting/p8f6gmau.webp | https://www.espressif.com/sites/default/files/documentation/esp32-c3_datasheet_en.pdf | https://item.taobao.com/item.htm?id=746684070257&skuId=5146935732020 | https://github.com/NologoTech/ESP32C3-Supermini/tree/main/Hardware,量板、USB、最高器件和焊线包络；识别3V3/GND和GPIO丝印；核对板载稳压及USB反灌路径。,芯片资料已核对；SuperMini第三方板型及USB电路需实物确认，不能将芯片引脚号当板端针位。 2026-10-02所选SKU优惠前报价10.5元，寄个旧商品页运费2元另计；平台补贴未扣。收货核对宽度较CAD多0.2mm、USB凸出、最高器件、3V3外供及USB隔离；不得直接认定卡扣适配。 用户选已焊排针版本用于台架；装壳前去排针或重新测量排针包络并修改托盘，当前不能直接宣称适配。 2026-10-02用户截图报价已替换旧型号预算；仅报价证据，不证明模块包络或板级电路。
V3-purchased-specs-1,2026-10-02T14:51:22.500327+00:00,205dd1f90ef6ce77c56568830003d76d7614c1b5549a5d74005bb03a53cd3a4a,76cc7a3ee0833caf90fa4d2a0a3c09ee9499a07a606a80770ab65543916569bc,motor,N20 M4×0.7、55mm丝杆减速电机,purchased,1.0,1,件,N20 3V 150rpm；M4×0.7，输出55±1mm；本体25×12×10mm保守包络；轴偏置2.5mm,N20 M4×55 3V 150rpm带法兰螺母,仅替换匹配M4×0.7、55mm外伸、轴偏置和本体包络的电机,motor | motor_clamp | lock_base,,本体按25×12×10保守包络；轴偏置朝下安装，14mm行程；3V 150rpm需台架核对,15.5,15.5,1,15.5,physical-confirmation,https://cdn.luogu.com.cn/upload/image_hosting/a80znaro.webp | https://cdn.luogu.com.cn/upload/image_hosting/xv97n9y4.webp,测本体/输出轴偏置/55±1mm外伸；核对螺母；测低电量带载速度、堵转电流及14mm全行程时间。150rpm对应理论8秒，不包含起停与负载。,按用户尺寸图修改；图内本体24.5/15与文字16存在差异，取25mm包络。150rpm空载/带载、堵转电流与实物轴偏置方向待测。 2026-10-02用户截图报价已替换旧型号预算；仅报价证据，不证明模块包络或板级电路。
V3-purchased-specs-1,2026-10-02T14:51:22.500327+00:00,205dd1f90ef6ce77c56568830003d76d7614c1b5549a5d74005bb03a53cd3a4a,76cc7a3ee0833caf90fa4d2a0a3c09ee9499a07a606a80770ab65543916569bc,drive_nut,M4法兰螺母（配套尺寸待测）,purchased,1.0,1.0,件,M4×0.7法兰螺母；候选AF7、法兰Ø10、总厚5、法兰厚1mm,电机随附法兰螺母（尺寸未给）,仅替换满足全部接口与尺寸要求的同规格件；变化须核对CAD,drive_nut | nut_carriage | nut_cap,,不能用厚度/牙距不符的螺母,0,0.0,1.0,0,unresolved,,核对M4×0.7；量AF、法兰外径、总厚及法兰厚；确认六角捕获不跟转及螺母盖不过压。,随电机配套，避免重复计价；截图无螺母尺寸，CAD为可调候选，不宣称实物适配。需实测AF/法兰外径/厚度，必要时重出螺母座。
V3-purchased-specs-1,2026-10-02T14:51:22.500327+00:00,205dd1f90ef6ce77c56568830003d76d7614c1b5549a5d74005bb03a53cd3a4a,76cc7a3ee0833caf90fa4d2a0a3c09ee9499a07a606a80770ab65543916569bc,cell,18650电芯,purchased,1.0,1.0,件,与74×22×21总包络的电池座实测匹配,平头非保护18650，2600mAh级候选；独立1S保护板,亿纬25P平头2500mAh候选：所选SKU11元、寄个旧包邮，预售5天；容量/保护方案不同，未替换原配置。,battery_holder,,电芯保护/欠压方案与电源板一起确认,12.0,12.0,1.0,12.0,physical-confirmation,https://www.evemall.com/consumer-battery/cylindrical-cell/18650-25p | https://item.taobao.com/item.htm?id=746205673995&skuId=5421654243887,量电芯长度、外径及座内接触长度；检查包皮、极性与保护切断；禁用未知拆机电芯。,亿纬官方直径18.35±0.10、高65.00±0.15mm；卖家是否正品及座内总包络待收货确认。电芯规格下限2.50V，保护切断含容差须匹配。
V3-purchased-specs-1,2026-10-02T14:51:22.500327+00:00,205dd1f90ef6ce77c56568830003d76d7614c1b5549a5d74005bb03a53cd3a4a,76cc7a3ee0833caf90fa4d2a0a3c09ee9499a07a606a80770ab65543916569bc,battery_holder,单节18650带线座,purchased,1.0,1,件,包含电芯后总包络≤74×22×21mm,18650单节带线座,仅替换满足全部接口与尺寸要求的同规格件；变化须核对CAD,battery_holder | battery_hatch,,电气台架使用；当前CAD候选板/接头包络不能证明本SKU装壳适配,1.32,1.32,1,1.32,unresolved,https://cdn.luogu.com.cn/upload/image_hosting/s3if18a7.webp | https://item.taobao.com/item.htm?id=608911086247&skuId=4277561585844,装入电芯量整个座/接触弹片/线头，必须满足74×22×21约束；检查取出与连接器路径。,长保护电芯可能不适配；购买前实测 2026-10-02所选SKU优惠前报价0.5元，寄个旧商品页运费2元另计；平台补贴未扣。必须装入平头电芯后测总包络≤74×22×21；检查弹簧、焊线、极性和压降。 2026-10-02用户截图报价已替换旧型号预算；仅报价证据，不证明模块包络或板级电路。
V3-purchased-specs-1,2026-10-02T14:51:22.500327+00:00,205dd1f90ef6ce77c56568830003d76d7614c1b5549a5d74005bb03a53cd3a4a,76cc7a3ee0833caf90fa4d2a0a3c09ee9499a07a606a80770ab65543916569bc,power_board,3.3V升降压稳压模块,purchased,1.0,1,件,TPS63020，所选固定3.3V；本SKU尺寸/完整电路待核，不套用Pololu或旧黑板,TPS63020 3.3V模块,低价TPS63000/63020成品3.3V升降压板：必须补充供货图和实测包络；不能只以芯片尺寸适配；2026-10-02低价候选黑色升降压短接设置3.3/4.2/5V 输入1.8-5.5优惠前6.9元，具体SKU及限制见engineering/procurement-quotes.json；未替换主候选价格和电路,power_board | electronics_tray,,电气台架使用；当前CAD候选板/接头包络不能证明本SKU装壳适配,14.85,14.85,1,14.85,unresolved,https://cdn.luogu.com.cn/upload/image_hosting/p8f6gmau.webp | https://www.pololu.com/product/2122/,先独立测3.3V输出；核对输入范围、EN/PS接法与低电量启动瞬态；再量PCB、排针及出线。,资料可核对但预算冲突：本模块估算75元替代原4元。来源价格不是人民币报价；人民币成本须用户询价。该板不含电池过放保护。 低价候选为条件替代，尺寸/电路差异见采购审计；主候选人民币价格仍为估算。 厂家公开单件9.95美元，人民币预算仍估算；云南运费/汇率未核。 当前用户采购为优信模块，不能沿用原Pololu尺寸/接线证明；台架可用，装壳须量实物。 2026-10-02用户截图报价已替换旧型号预算；仅报价证据，不证明模块包络或板级电路。
V3-purchased-specs-1,2026-10-02T14:51:22.500327+00:00,205dd1f90ef6ce77c56568830003d76d7614c1b5549a5d74005bb03a53cd3a4a,76cc7a3ee0833caf90fa4d2a0a3c09ee9499a07a606a80770ab65543916569bc,bridge_board,小型双向直流电机驱动板,purchased,1.0,1,件,DRV8833红板已焊排针；尺寸/封装/限流与STBY默认电平待核,DRV8833红板已焊排针,仅替换满足全部接口与尺寸要求的同规格件；变化须核对CAD；2026-10-02低价候选DRV8833 红板，双8针排针另附优惠前2.38元，具体SKU及限制见engineering/procurement-quotes.json；未替换主候选价格和电路,bridge_board | upper_deck | upper_clip,,电气台架使用；当前CAD候选板/接头包络不能证明本SKU装壳适配,2.46,2.46,1,2.46,unresolved,https://cdn.luogu.com.cn/upload/image_hosting/p8f6gmau.webp | https://www.pololu.com/product/2130 | https://www.pololu.com/file/0J1615/drv8833-dual-motor-driver-carrier-dimensions.pdf,先核对VM/GND/AIN/AO/STBY端与封装；低占空验证方向，测起动/堵转及热限流；不可沿用Pololu板端说明。,板长20.3mm超出旧20mm候选包络0.3mm，局部挡边和焊线空间待适配；人民币估算40元也超出原3元预算。禁止图纸显示已验证装配。 低价候选为条件替代，尺寸/电路差异见采购审计；主候选人民币价格仍为估算。 厂家公开单件10.95美元，人民币预算仍估算；云南运费/汇率未核。 当前用户采购为优信模块，不能沿用原Pololu尺寸/接线证明；台架可用，装壳须量实物。 2026-10-02用户截图报价已替换旧型号预算；仅报价证据，不证明模块包络或板级电路。
V3-purchased-specs-1,2026-10-02T14:51:22.500327+00:00,205dd1f90ef6ce77c56568830003d76d7614c1b5549a5d74005bb03a53cd3a4a,76cc7a3ee0833caf90fa4d2a0a3c09ee9499a07a606a80770ab65543916569bc,oled,0.96寸I2C OLED,purchased,1.0,1,件,0.96寸白色4P；控制器/I2C/3.3V与板/玻璃/排针尺寸待核,0.96寸白色4P OLED,仅替换满足全部接口与尺寸要求的同规格件；变化须核对CAD；2026-10-02低价候选0.96寸白色IIC显示优惠前7.5元，具体SKU及限制见engineering/procurement-quotes.json；未替换主候选价格和电路,oled | oled_bridge,,电气台架使用；当前CAD候选板/接头包络不能证明本SKU装壳适配,10.89,10.89,1,10.89,unresolved,https://cdn.luogu.com.cn/upload/image_hosting/p8f6gmau.webp | https://cdn-shop.adafruit.com/datasheets/SSD1306.pdf,收货确认GND/VCC/SCL/SDA、3.3V、地址和控制器初始化；不默认此前SSD1315或SSD1306。,各厂排针、孔位和玻璃高度有差异 低价候选为条件替代，尺寸/电路差异见采购审计；主候选人民币价格仍为估算。 2026-10-02用户截图报价已替换旧型号预算；仅报价证据，不证明模块包络或板级电路。
V3-purchased-specs-1,2026-10-02T14:51:22.500327+00:00,205dd1f90ef6ce77c56568830003d76d7614c1b5549a5d74005bb03a53cd3a4a,76cc7a3ee0833caf90fa4d2a0a3c09ee9499a07a606a80770ab65543916569bc,button,小型内置按键,purchased,1.0,2,件,R16-503 无灯两脚无锁；最大Ø17.8，本体长18.3，端子6，面板外5.7mm；孔Ø16.4候选,R16-503绿色无灯两脚无锁,仅替换满足全部接口与尺寸要求的同规格件；变化须核对CAD,button,,右侧壁凹入式安装；自带螺母夹持3mm面板，无原背板螺钉,1.32,1.32,2,2.64,unresolved,https://cdn.luogu.com.cn/upload/image_hosting/s3if18a7.webp | https://cdn.luogu.com.cn/upload/image_hosting/bw1v2lpe.webp,量安装尺寸、回弹，万用表确认常开；按下接地、GPIO上拉。,外径/轴向尺寸取卖家图；螺纹直径和螺母厚度未给，孔16.4及螺母包络仍候选，须试装确认。两脚常开、按下导通、松开断开。 2026-10-02用户截图报价已替换旧型号预算；仅报价证据，不证明模块包络或板级电路。
V3-purchased-specs-1,2026-10-02T14:51:22.500327+00:00,205dd1f90ef6ce77c56568830003d76d7614c1b5549a5d74005bb03a53cd3a4a,76cc7a3ee0833caf90fa4d2a0a3c09ee9499a07a606a80770ab65543916569bc,acrylic,亚克力窗片,purchased,1.0,1.0,件,149×82×1.5mm,亚克力窗片,仅替换满足全部接口与尺寸要求的同规格件；变化须核对CAD,acrylic | window_grille | lid,,不钻孔；双栅栏夹持；实测板厚与接触平整度；固定耳承担预紧力,5.0,5.0,1.0,5.0,physical-confirmation,,卡尺多点测厚1.5；外形149×82、去毛刺，不钻孔；轻拧至四耳限位后检查晃动与顶压。,不钻孔；双栅栏夹持；实测板厚与接触平整度；固定耳承担预紧力
V3-purchased-specs-1,2026-10-02T14:51:22.500327+00:00,205dd1f90ef6ce77c56568830003d76d7614c1b5549a5d74005bb03a53cd3a4a,76cc7a3ee0833caf90fa4d2a0a3c09ee9499a07a606a80770ab65543916569bc,hinge_pin,钢销轴,purchased,1.0,1.0,件,Ø2×180mm,Ø2不锈钢圆棒/光轴，买200mm或更长后截至180mm,仅替换满足全部接口与尺寸要求的同规格件；变化须核对CAD,hinge_pin | hinge_guard_left | hinge_guard_right,,连续轴孔Ø2.4；两端打印限位端盖，各0.5mm名义间隙,2.0,2.0,1.0,2.0,physical-confirmation,,Ø2×180；检查直线度、倒钝端面、轴孔试块及两端0.5名义间隙。,保持连续Ø2×180mm钢销；不接受AB胶端对端拼接短轴。倒钝端面并检查直线度。
V3-purchased-specs-1,2026-10-02T14:51:22.500327+00:00,205dd1f90ef6ce77c56568830003d76d7614c1b5549a5d74005bb03a53cd3a4a,76cc7a3ee0833caf90fa4d2a0a3c09ee9499a07a606a80770ab65543916569bc,thread_inserts,M2热熔铜螺母,purchased,10.0,20,件,外Ø3.2、长4mm原型包络；预孔试2.8/2.9/3.0,M2热熔铜螺母,仅替换满足全部接口与尺寸要求的同规格件；变化须核对CAD,inserts_fixed | inserts_lid,,电池盖4、内栅4、销轴端盖2；外径/长度实物复核，预算待询价,0.4,4.0,20,8,unresolved,https://www.ruthex.de/products/ruthex-gewindeeinsatz-m2-70-stuck-rx-m2x4-messing-gewindebuchsen,外径3.2、长4；试孔2.8/2.9/3.0；检查垂直、深度和热装后承座保持力。,电池盖4、内栅4、销轴端盖2；外径/长度实物复核，预算待询价 ruthex RX-M2x4官方外径3.6、底径3.1、推荐孔3.2、长4.0mm；3.2为安装孔而非外径，该款不直接替换原OD3.2候选。价格仍非国内真实SKU报价。
V3-purchased-specs-1,2026-10-02T14:51:22.500327+00:00,205dd1f90ef6ce77c56568830003d76d7614c1b5549a5d74005bb03a53cd3a4a,76cc7a3ee0833caf90fa4d2a0a3c09ee9499a07a606a80770ab65543916569bc,position_switch,机械到位开关（后续选型）,purchased,0,0,件,退栓/闭锁/合盖三个检测接口；本次不采购霍尔,微小信号负载机械微动开关，型号待选,型号确定后设计可拆支架和触发件,,,当前锁底座保留3mm绑带槽；尚无选定开关实体和触发件,0,0,0,0,unresolved,,按实物尺寸设计支架；验证触发、释放、过行程、消抖及断线行为；合盖信号必须在锁扣无阻范围内。,用户决定取消霍尔。当前是无位置反馈的人工台架结构；不支持自动闭锁验收。机械开关/支架待选型后另出图。
V3-purchased-specs-1,2026-10-02T14:51:22.500327+00:00,205dd1f90ef6ce77c56568830003d76d7614c1b5549a5d74005bb03a53cd3a4a,76cc7a3ee0833caf90fa4d2a0a3c09ee9499a07a606a80770ab65543916569bc,wiring,线束导线,consumables,2,2,m（2芯排线）,26AWG黑色2芯硅胶排线，两段1m；2m排线=4m单芯长度,26AWG黑色2P排线1m,仅替换满足全部接口与尺寸要求的同规格件；变化须核对CAD,battery_connector,,可拆接口经过隔墙，拔插后取出电池座,2.51,5.02,2,5.02,physical-confirmation,https://cdn.luogu.com.cn/upload/image_hosting/a80znaro.webp,核对导体规格、焊接绝缘、压降；每根线两端记录信号/针位。,可拆接口经过隔墙，拔插后取出电池座 AWG26/24主支路线不能直接压入原厂SH端子；选预压接尾线或更适合的接头，并核对电流/压降/包络。 2026-10-02用户截图报价已替换旧型号预算；仅报价证据，不证明模块包络或板级电路。 单价预算按截图优惠前2.51元/m；优惠后1.76元/m另列。全黑线两端标极性/信号。
V3-purchased-specs-1,2026-10-02T14:51:22.500327+00:00,205dd1f90ef6ce77c56568830003d76d7614c1b5549a5d74005bb03a53cd3a4a,76cc7a3ee0833caf90fa4d2a0a3c09ee9499a07a606a80770ab65543916569bc,pads,绝缘双面胶垫/定位薄垫,consumables,1.0,1.0,件,电机0.3；PCB底0.9/0.5mm；不含已取消的霍尔垫,绝缘双面胶垫/定位薄垫,仅替换满足全部接口与尺寸要求的同规格件；变化须核对CAD,motor_pads | board_pads,,填充板底并定位；实际压缩厚度须测量,2.0,2.0,1.0,2.0,physical-confirmation,,测实装厚度、绝缘与防脱；不能覆盖元件/热区或依赖未经确认胶粘保持力。,电机按输出偏置朝下布置，胶垫不得压到输出轴和端子。
V3-purchased-specs-1,2026-10-02T14:51:22.500327+00:00,205dd1f90ef6ce77c56568830003d76d7614c1b5549a5d74005bb03a53cd3a4a,76cc7a3ee0833caf90fa4d2a0a3c09ee9499a07a606a80770ab65543916569bc,ties,小尼龙绑带,consumables,2.0,2.0,件,尼龙绑带宽2.5mm；CAD槽宽3.0mm,小尼龙绑带,仅替换满足全部接口与尺寸要求的同规格件；变化须核对CAD,electronics_tray,,胶垫定位、绑带防脱,0.25,0.5,2.0,0.5,unresolved,,核对规格、数量、尺寸及安装接口；记录首件测量。,槽加宽并避开相邻支柱，实物检查绑带厚度、头部和打印孔收缩。
V3-purchased-specs-1,2026-10-02T14:51:22.500327+00:00,205dd1f90ef6ce77c56568830003d76d7614c1b5549a5d74005bb03a53cd3a4a,76cc7a3ee0833caf90fa4d2a0a3c09ee9499a07a606a80770ab65543916569bc,filament,打印耗材预算,consumables,400,1000,g,统一颜色PETG，400g仅为预算用量，最终以切片值覆盖；0.4喷嘴/0.2层高起点,白色PETG；400g消耗预算/1kg整卷采购估算,仅替换满足全部接口与尺寸要求的同规格件；变化须核对CAD,,,按自有打印机计；外包打印工时另计,0.05,20.0,1000,50,physical-confirmation,,核对规格、数量、尺寸及安装接口；记录首件测量。,独立耗材估算，不把STL实心体积当切片耗材；外包打印费另列。
V3-purchased-specs-1,2026-10-02T14:51:22.500327+00:00,205dd1f90ef6ce77c56568830003d76d7614c1b5549a5d74005bb03a53cd3a4a,76cc7a3ee0833caf90fa4d2a0a3c09ee9499a07a606a80770ab65543916569bc,battery_protection,1S电池保护板,purchased,1,1,件,1S-4012A(3.7V)，完整板阈值/容量/包络待核,1S-4012A(3.7V)保护板,FS312F-G等较高欠压阈值仅作芯片参考；成品板尺寸、电流和报价尚未确认。,battery_holder,,电气台架使用；当前CAD候选板/接头包络不能证明本SKU装壳适配,4.95,4.95,1,4.95,unresolved,https://cdn.luogu.com.cn/upload/image_hosting/s3if18a7.webp | https://www.ic-fortune.com/upload/Download/DW01A-DS-13_EN.pdf | https://www.ic-fortune.com/upload/Download/FS312F-G-DS-12_EN.pdf | https://www.evemall.com/consumer-battery/cylindrical-cell/18650-25p,核对3.7V锂离子版本、过放/过充阈值及容差、过流/恢复和B/P接法；不依型号猜电流或保护芯片。,现有电池座实体为74×22×21总包络，没有单列保护板适配证据；不能把芯片面积当板件面积。 DW01A过放检测2.40±0.10V可低至2.30V，不能直接匹配亿纬25P的2.50V下限；FS312F-G为2.90±0.08V参考，尚非已选成品。 2026-10-02用户截图报价已替换旧型号预算；仅报价证据，不证明模块包络或板级电路。
V3-purchased-specs-1,2026-10-02T14:51:22.500327+00:00,205dd1f90ef6ce77c56568830003d76d7614c1b5549a5d74005bb03a53cd3a4a,76cc7a3ee0833caf90fa4d2a0a3c09ee9499a07a606a80770ab65543916569bc,battery_connector,电池插头及配对端,purchased,1,1,件,SM2P成对20cm线，间距标2.54mm；整对包络/线径/电流待核,SM2P 20cm成对线,同规格；尺寸/接口变化须复核CAD,battery_connector,,电气台架使用；当前CAD候选板/接头包络不能证明本SKU装壳适配,0.56,0.56,1,0.56,unresolved,https://cdn.luogu.com.cn/upload/image_hosting/s3if18a7.webp | https://www.jst-mfg.com/product/pdf/eng/eSH.pdf,整对插合检查极性、接触与线径；量包络重新适配旧小型接头位置。,配对端一起采购；旧小包络及额定电流尚未实测。不得自动把红线当成正确针位。 JST原厂SH是线对板系列，额定1A仅对AWG28；端子适用AWG32–28、绝缘外径0.4–0.8mm。旧成对线接头可能为兼容件，须确认真实型号。 2026-10-02用户截图报价已替换旧型号预算；仅报价证据，不证明模块包络或板级电路。
V3-purchased-specs-1,2026-10-02T14:51:22.500327+00:00,205dd1f90ef6ce77c56568830003d76d7614c1b5549a5d74005bb03a53cd3a4a,76cc7a3ee0833caf90fa4d2a0a3c09ee9499a07a606a80770ab65543916569bc,pullups,信号上拉电阻（按实物接口选配）,consumables,0,10,件,机械开关信号上拉/驱动FLT（若实物引出）；阻值按微小负载与GPIO能力核定,10kΩ贴片/轴向电阻,同规格；尺寸/接口变化须复核CAD,,,,0.05,0.0,10,0.5,physical-confirmation,,按规格清点和实测接口。,霍尔已取消；机械开关触点电流、上拉阻值和驱动故障端是否引出须按实物核对。
V3-purchased-specs-1,2026-10-02T14:51:22.500327+00:00,205dd1f90ef6ce77c56568830003d76d7614c1b5549a5d74005bb03a53cd3a4a,76cc7a3ee0833caf90fa4d2a0a3c09ee9499a07a606a80770ab65543916569bc,motor_bulk_cap,电机支路去耦,consumables,1,2,件,≥10V，100µF起点；极性、外形及走线需核对,100µF低ESR电容候选,同规格；尺寸/接口变化须复核CAD,bridge_board,,,0.5,0.5,2,1.0,unresolved,,按规格清点和实测接口。,模块现有去耦不能保证电机瞬态，按台架测量决定容量；独立电容安装包络待适配。
V3-purchased-specs-1,2026-10-02T14:51:22.500327+00:00,205dd1f90ef6ce77c56568830003d76d7614c1b5549a5d74005bb03a53cd3a4a,76cc7a3ee0833caf90fa4d2a0a3c09ee9499a07a606a80770ab65543916569bc,insulation,绝缘热缩与胶带,consumables,1,1,件,电池端子/焊点绝缘，保留维护路径,热缩管与聚酰亚胺胶带小包,同规格；尺寸/接口变化须复核CAD,,,,2,2,1,2,physical-confirmation,,按规格清点和实测接口。,
V3-purchased-specs-1,2026-10-02T14:51:22.500327+00:00,205dd1f90ef6ce77c56568830003d76d7614c1b5549a5d74005bb03a53cd3a4a,76cc7a3ee0833caf90fa4d2a0a3c09ee9499a07a606a80770ab65543916569bc,screw-M2x6-PAN,M2×6 普通头,purchased,12,15,枚,M2×6 mm；头部须与CAD包络匹配,公制机牙螺钉，同批次同头型,相同牙距、长度与头部；改变规格须改CAD,base_box | electronics_tray | esp_clip | lock_base | nut_cap | nut_carriage | upper_clip | upper_deck,F-lock-rear-left | F-lock-rear-right | F-lock-front-left | F-lock-front-right | F-deck-left | F-deck-right | F-esp-left | F-esp-right | F-driver-left | F-driver-right | F-nut-cap-left | F-nut-cap-right,按连接ID从对应方向安装；铜螺母或打印导孔见图纸,0.15,1.8,15,2.25,physical-confirmation,cad/v3/hardware.scad,卡尺测杆长/头径/头高，试块验证沉头；检查铜螺母啮合与盲孔底余量。,数量从CAD配置导出，不保留旧硬编码总数。
V3-purchased-specs-1,2026-10-02T14:51:22.500327+00:00,205dd1f90ef6ce77c56568830003d76d7614c1b5549a5d74005bb03a53cd3a4a,76cc7a3ee0833caf90fa4d2a0a3c09ee9499a07a606a80770ab65543916569bc,screw-M2x8-PAN,M2×8 普通头,purchased,5,10,枚,M2×8 mm；头部须与CAD包络匹配,公制机牙螺钉，同批次同头型,相同牙距、长度与头部；改变规格须改CAD,guide_cap | lock_base | motor_clamp,F-guide-rear-left | F-guide-rear-right | F-guide-front | F-motor-left | F-motor-right,按连接ID从对应方向安装；铜螺母或打印导孔见图纸,0.15,0.75,10,1.5,physical-confirmation,cad/v3/hardware.scad,卡尺测杆长/头径/头高，试块验证沉头；检查铜螺母啮合与盲孔底余量。,数量从CAD配置导出，不保留旧硬编码总数。
V3-purchased-specs-1,2026-10-02T14:51:22.500327+00:00,205dd1f90ef6ce77c56568830003d76d7614c1b5549a5d74005bb03a53cd3a4a,76cc7a3ee0833caf90fa4d2a0a3c09ee9499a07a606a80770ab65543916569bc,screw-M2x4-PAN,M2×4 普通头,purchased,2,10,枚,M2×4 mm；头部须与CAD包络匹配,公制机牙螺钉，同批次同头型,相同牙距、长度与头部；改变规格须改CAD,base_box | electronics_tray,F-tray-left | F-tray-right,按连接ID从对应方向安装；铜螺母或打印导孔见图纸,0.15,0.3,10,1.5,physical-confirmation,cad/v3/hardware.scad,卡尺测杆长/头径/头高，试块验证沉头；检查铜螺母啮合与盲孔底余量。,数量从CAD配置导出，不保留旧硬编码总数。
V3-purchased-specs-1,2026-10-02T14:51:22.500327+00:00,205dd1f90ef6ce77c56568830003d76d7614c1b5549a5d74005bb03a53cd3a4a,76cc7a3ee0833caf90fa4d2a0a3c09ee9499a07a606a80770ab65543916569bc,screw-M2x6-CS,M2×6 沉头,purchased,8,11,枚,M2×6 mm；头部须与CAD包络匹配,公制机牙螺钉，同批次同头型,相同牙距、长度与头部；改变规格须改CAD,base_box | hinge_guard_left | hinge_guard_right | inserts_fixed | lid | oled_bridge | window_grille,F-oled-left | F-oled-right | F-hinge-left | F-hinge-right | F-window-rear-left | F-window-rear-right | F-window-front-left | F-window-front-right,按连接ID从对应方向安装；铜螺母或打印导孔见图纸,0.15,1.2,11,1.65,physical-confirmation,cad/v3/hardware.scad,卡尺测杆长/头径/头高，试块验证沉头；检查铜螺母啮合与盲孔底余量。,数量从CAD配置导出，不保留旧硬编码总数。
V3-purchased-specs-1,2026-10-02T14:51:22.500327+00:00,205dd1f90ef6ce77c56568830003d76d7614c1b5549a5d74005bb03a53cd3a4a,76cc7a3ee0833caf90fa4d2a0a3c09ee9499a07a606a80770ab65543916569bc,screw-M2x8-CS,M2×8 沉头,purchased,4,10,枚,M2×8 mm；头部须与CAD包络匹配,公制机牙螺钉，同批次同头型,相同牙距、长度与头部；改变规格须改CAD,base_box | battery_hatch,F-battery-rear-left | F-battery-rear-right | F-battery-front-left | F-battery-front-right,按连接ID从对应方向安装；铜螺母或打印导孔见图纸,0.15,0.6,10,1.5,physical-confirmation,cad/v3/hardware.scad,卡尺测杆长/头径/头高，试块验证沉头；检查铜螺母啮合与盲孔底余量。,数量从CAD配置导出，不保留旧硬编码总数。
V3-purchased-specs-1,2026-10-02T14:51:22.500327+00:00,205dd1f90ef6ce77c56568830003d76d7614c1b5549a5d74005bb03a53cd3a4a,76cc7a3ee0833caf90fa4d2a0a3c09ee9499a07a606a80770ab65543916569bc,screw-M3x8-PAN,M3×8 普通头,purchased,2,10,枚,M3×8 mm；头部须与CAD包络匹配,公制机牙螺钉，同批次同头型,相同牙距、长度与头部；改变规格须改CAD,latch_retainer | lid,F-latch-left | F-latch-right,按连接ID从对应方向安装；铜螺母或打印导孔见图纸,0.15,0.3,10,1.5,physical-confirmation,cad/v3/hardware.scad,卡尺测杆长/头径/头高，试块验证沉头；检查铜螺母啮合与盲孔底余量。,数量从CAD配置导出，不保留旧硬编码总数。
