版本,CAD指纹,项目,测量要求,初始状态,实测值/单位,方法/仪器,日期,执行人,结论,问题与调整
V3-plan1.1,d1dc445e5ce543239a1012be095a35d1c04742943b300b049524b15deb2aeb14,窗片,板厚多点测量、夹持晃动、翘曲及局部顶压,待首件,,,,,,
V3-plan1.1,d1dc445e5ce543239a1012be095a35d1c04742943b300b049524b15deb2aeb14,铜螺母,保持力、承座变形、安装深度、复拆情况,待首件,,,,,,
V3-plan1.1,d1dc445e5ce543239a1012be095a35d1c04742943b300b049524b15deb2aeb14,铰链,钢销直径、孔径、端盖固定、游隙及手感,待首件,,,,,,
V3-plan1.1,d1dc445e5ce543239a1012be095a35d1c04742943b300b049524b15deb2aeb14,锁驱动,锁栓手动14mm全行程及首次对准阻滞边界,待首件,,,,,,
V3-plan1.1,d1dc445e5ce543239a1012be095a35d1c04742943b300b049524b15deb2aeb14,机械到位检测,退栓/闭锁/合盖触发、释放及合盖误判范围（型号/支架待选）,待首件,,,,,,
V3-plan1.1,d1dc445e5ce543239a1012be095a35d1c04742943b300b049524b15deb2aeb14,模块,板、最高元件、排针、焊线包络及出线方向,待采购,,,,,,
V3-plan1.1,d1dc445e5ce543239a1012be095a35d1c04742943b300b049524b15deb2aeb14,线束,针1/针2实测极性、绝缘、驱动避让和维护路径,待首件,,,,,,
V3-plan1.1,d1dc445e5ce543239a1012be095a35d1c04742943b300b049524b15deb2aeb14,电源,启动瞬态、保护切断、低电压和电机带载表现,待台架,,,,,,
V3-plan1.1,d1dc445e5ce543239a1012be095a35d1c04742943b300b049524b15deb2aeb14,整机,开合循环次数及固件就绪后≤15秒开锁,待固件/待实测,,,,,,
