编号,名称,类别,装机量,整包量,单位,预算单价,装机估算,整包估算,价格证据身份,规格状态,报价证据,仍待核对
base_box,打印件,print,1.0,1.0,件,0.0,0.0,0.0,打印本体另按耗材/加工核算,nominal,,PETG同批同色；0.4mm喷嘴、0.2mm层高为首样起点。支撑由实际切片确认，清理后按试块和首件调整配合。 备用建议0件，另列不计装机。
lid,打印件,print,1.0,1.0,件,0.0,0.0,0.0,打印本体另按耗材/加工核算,nominal,,PETG同批同色；0.4mm喷嘴、0.2mm层高为首样起点。支撑由实际切片确认，清理后按试块和首件调整配合。 备用建议0件，另列不计装机。
lock_base,打印件,print,1.0,1.0,件,0.0,0.0,0.0,打印本体另按耗材/加工核算,nominal,,PETG同批同色；0.4mm喷嘴、0.2mm层高为首样起点。支撑由实际切片确认，清理后按试块和首件调整配合。 备用建议0件，另列不计装机。
guide_cap,打印件,print,1.0,1.0,件,0.0,0.0,0.0,打印本体另按耗材/加工核算,nominal,,PETG同批同色；0.4mm喷嘴、0.2mm层高为首样起点。支撑由实际切片确认，清理后按试块和首件调整配合。 备用建议1件，另列不计装机。
motor_clamp,打印件,print,1.0,1.0,件,0.0,0.0,0.0,打印本体另按耗材/加工核算,nominal,,PETG同批同色；0.4mm喷嘴、0.2mm层高为首样起点。支撑由实际切片确认，清理后按试块和首件调整配合。 备用建议0件，另列不计装机。
bolt,打印件,print,1.0,1.0,件,0.0,0.0,0.0,打印本体另按耗材/加工核算,nominal,,PETG同批同色；0.4mm喷嘴、0.2mm层高为首样起点。支撑由实际切片确认，清理后按试块和首件调整配合。 备用建议1件，另列不计装机。
nut_carriage,打印件,print,1.0,1.0,件,0.0,0.0,0.0,打印本体另按耗材/加工核算,nominal,,PETG同批同色；0.4mm喷嘴、0.2mm层高为首样起点。支撑由实际切片确认，清理后按试块和首件调整配合。 备用建议1件，另列不计装机。
nut_cap,打印件,print,1.0,1.0,件,0.0,0.0,0.0,打印本体另按耗材/加工核算,nominal,,PETG同批同色；0.4mm喷嘴、0.2mm层高为首样起点。支撑由实际切片确认，清理后按试块和首件调整配合。 备用建议0件，另列不计装机。
latch,打印件,print,1.0,1.0,件,0.0,0.0,0.0,打印本体另按耗材/加工核算,nominal,,PETG同批同色；0.4mm喷嘴、0.2mm层高为首样起点。支撑由实际切片确认，清理后按试块和首件调整配合。 备用建议2件，另列不计装机。
latch_retainer,打印件,print,1.0,1.0,件,0.0,0.0,0.0,打印本体另按耗材/加工核算,nominal,,PETG同批同色；0.4mm喷嘴、0.2mm层高为首样起点。支撑由实际切片确认，清理后按试块和首件调整配合。 备用建议0件，另列不计装机。
window_grille,整体内侧防护栅栏,print,1.0,1.0,件,0.0,0.0,0.0,打印本体另按耗材/加工核算,nominal,,PETG同批同色；0.4mm喷嘴、0.2mm层高为首样起点。支撑由实际切片确认，清理后按试块和首件调整配合。 备用建议0件，另列不计装机。
battery_hatch,打印件,print,1.0,1.0,件,0.0,0.0,0.0,打印本体另按耗材/加工核算,nominal,,PETG同批同色；0.4mm喷嘴、0.2mm层高为首样起点。支撑由实际切片确认，清理后按试块和首件调整配合。 备用建议0件，另列不计装机。
electronics_tray,打印件,print,1.0,1.0,件,0.0,0.0,0.0,打印本体另按耗材/加工核算,nominal,,PETG同批同色；0.4mm喷嘴、0.2mm层高为首样起点。支撑由实际切片确认，清理后按试块和首件调整配合。 备用建议0件，另列不计装机。
upper_deck,打印件,print,1.0,1.0,件,0.0,0.0,0.0,打印本体另按耗材/加工核算,nominal,,PETG同批同色；0.4mm喷嘴、0.2mm层高为首样起点。支撑由实际切片确认，清理后按试块和首件调整配合。 备用建议0件，另列不计装机。
esp_clip,打印件,print,1.0,1.0,件,0.0,0.0,0.0,打印本体另按耗材/加工核算,nominal,,PETG同批同色；0.4mm喷嘴、0.2mm层高为首样起点。支撑由实际切片确认，清理后按试块和首件调整配合。 备用建议0件，另列不计装机。
upper_clip,打印件,print,1.0,1.0,件,0.0,0.0,0.0,打印本体另按耗材/加工核算,nominal,,PETG同批同色；0.4mm喷嘴、0.2mm层高为首样起点。支撑由实际切片确认，清理后按试块和首件调整配合。 备用建议0件，另列不计装机。
oled_bridge,打印件,print,1.0,1.0,件,0.0,0.0,0.0,打印本体另按耗材/加工核算,nominal,,PETG同批同色；0.4mm喷嘴、0.2mm层高为首样起点。支撑由实际切片确认，清理后按试块和首件调整配合。 备用建议0件，另列不计装机。
esp,ESP32-C3 SuperMini,purchased,1.0,1,件,12.65,12.65,12.65,用户截图显示价（非支付/实时承诺）,unresolved,https://cdn.luogu.com.cn/upload/image_hosting/p8f6gmau.webp,芯片资料已核对；SuperMini第三方板型及USB电路需实物确认，不能将芯片引脚号当板端针位。 2026-10-02所选SKU优惠前报价10.5元，寄个旧商品页运费2元另计；平台补贴未扣。收货核对宽度较CAD多0.2mm、USB凸出、最高器件、3V3外供及USB隔离；不得直接认定卡扣适配。 用户选已焊排针版本用于台架；装壳前去排针或重新测量排针包络并修改托盘，当前不能直接宣称适配。 2026-10-02用户截图报价已替换旧型号预算；仅报价证据，不证明模块包络或板级电路。
motor,N20 M4×0.7、55mm丝杆减速电机,purchased,1.0,1,件,15.5,15.5,15.5,用户截图显示价（非支付/实时承诺）,physical-confirmation,https://cdn.luogu.com.cn/upload/image_hosting/a80znaro.webp,按用户尺寸图修改；图内本体24.5/15与文字16存在差异，取25mm包络。150rpm空载/带载、堵转电流与实物轴偏置方向待测。 2026-10-02用户截图报价已替换旧型号预算；仅报价证据，不证明模块包络或板级电路。
drive_nut,M4法兰螺母（配套尺寸待测）,purchased,1.0,1.0,件,0,0.0,0,随电机附送，不重复计价；外形未核,unresolved,,随电机配套，避免重复计价；截图无螺母尺寸，CAD为可调候选，不宣称实物适配。需实测AF/法兰外径/厚度，必要时重出螺母座。
cell,18650电芯,purchased,1.0,1.0,件,12.0,12.0,12.0,无本次所选SKU报价；旧估算/历史参考,physical-confirmation,,亿纬官方直径18.35±0.10、高65.00±0.15mm；卖家是否正品及座内总包络待收货确认。电芯规格下限2.50V，保护切断含容差须匹配。
battery_holder,单节18650带线座,purchased,1.0,1,件,1.32,1.32,1.32,用户截图显示价（非支付/实时承诺）,unresolved,https://cdn.luogu.com.cn/upload/image_hosting/s3if18a7.webp,长保护电芯可能不适配；购买前实测 2026-10-02所选SKU优惠前报价0.5元，寄个旧商品页运费2元另计；平台补贴未扣。必须装入平头电芯后测总包络≤74×22×21；检查弹簧、焊线、极性和压降。 2026-10-02用户截图报价已替换旧型号预算；仅报价证据，不证明模块包络或板级电路。
power_board,3.3V升降压稳压模块,purchased,1.0,1,件,14.85,14.85,14.85,用户截图显示价（非支付/实时承诺）,unresolved,https://cdn.luogu.com.cn/upload/image_hosting/p8f6gmau.webp,资料可核对但预算冲突：本模块估算75元替代原4元。来源价格不是人民币报价；人民币成本须用户询价。该板不含电池过放保护。 低价候选为条件替代，尺寸/电路差异见采购审计；主候选人民币价格仍为估算。 厂家公开单件9.95美元，人民币预算仍估算；云南运费/汇率未核。 当前用户采购为优信模块，不能沿用原Pololu尺寸/接线证明；台架可用，装壳须量实物。 2026-10-02用户截图报价已替换旧型号预算；仅报价证据，不证明模块包络或板级电路。
bridge_board,小型双向直流电机驱动板,purchased,1.0,1,件,2.46,2.46,2.46,用户截图显示价（非支付/实时承诺）,unresolved,https://cdn.luogu.com.cn/upload/image_hosting/p8f6gmau.webp,板长20.3mm超出旧20mm候选包络0.3mm，局部挡边和焊线空间待适配；人民币估算40元也超出原3元预算。禁止图纸显示已验证装配。 低价候选为条件替代，尺寸/电路差异见采购审计；主候选人民币价格仍为估算。 厂家公开单件10.95美元，人民币预算仍估算；云南运费/汇率未核。 当前用户采购为优信模块，不能沿用原Pololu尺寸/接线证明；台架可用，装壳须量实物。 2026-10-02用户截图报价已替换旧型号预算；仅报价证据，不证明模块包络或板级电路。
oled,0.96寸I2C OLED,purchased,1.0,1,件,10.89,10.89,10.89,用户截图显示价（非支付/实时承诺）,unresolved,https://cdn.luogu.com.cn/upload/image_hosting/p8f6gmau.webp,各厂排针、孔位和玻璃高度有差异 低价候选为条件替代，尺寸/电路差异见采购审计；主候选人民币价格仍为估算。 2026-10-02用户截图报价已替换旧型号预算；仅报价证据，不证明模块包络或板级电路。
button,小型内置按键,purchased,1.0,2,件,1.32,1.32,2.64,用户截图显示价（非支付/实时承诺）,unresolved,https://cdn.luogu.com.cn/upload/image_hosting/s3if18a7.webp,外径/轴向尺寸取卖家图；螺纹直径和螺母厚度未给，孔16.4及螺母包络仍候选，须试装确认。两脚常开、按下导通、松开断开。 2026-10-02用户截图报价已替换旧型号预算；仅报价证据，不证明模块包络或板级电路。
acrylic,亚克力窗片,purchased,1.0,1.0,件,5.0,5.0,5.0,无本次所选SKU报价；旧估算/历史参考,physical-confirmation,,不钻孔；双栅栏夹持；实测板厚与接触平整度；固定耳承担预紧力
hinge_pin,钢销轴,purchased,1.0,1.0,件,2.0,2.0,2.0,无本次所选SKU报价；旧估算/历史参考,physical-confirmation,,保持连续Ø2×180mm钢销；不接受AB胶端对端拼接短轴。倒钝端面并检查直线度。
thread_inserts,M2热熔铜螺母,purchased,10.0,20,件,0.4,4.0,8,无本次所选SKU报价；旧估算/历史参考,unresolved,,电池盖4、内栅4、销轴端盖2；外径/长度实物复核，预算待询价 ruthex RX-M2x4官方外径3.6、底径3.1、推荐孔3.2、长4.0mm；3.2为安装孔而非外径，该款不直接替换原OD3.2候选。价格仍非国内真实SKU报价。
position_switch,机械到位开关（后续选型）,purchased,0,0,件,0,0,0,后续选型，当前未计价，不能当免费,unresolved,,用户决定取消霍尔。当前是无位置反馈的人工台架结构；不支持自动闭锁验收。机械开关/支架待选型后另出图。
wiring,线束导线,consumables,2,2,m（2芯排线）,2.51,5.02,5.02,用户截图划线价作预算；优惠后价另列,physical-confirmation,https://cdn.luogu.com.cn/upload/image_hosting/a80znaro.webp,可拆接口经过隔墙，拔插后取出电池座 AWG26/24主支路线不能直接压入原厂SH端子；选预压接尾线或更适合的接头，并核对电流/压降/包络。 2026-10-02用户截图报价已替换旧型号预算；仅报价证据，不证明模块包络或板级电路。 单价预算按截图优惠前2.51元/m；优惠后1.76元/m另列。全黑线两端标极性/信号。
pads,绝缘双面胶垫/定位薄垫,consumables,1.0,1.0,件,2.0,2.0,2.0,无本次所选SKU报价；旧估算/历史参考,physical-confirmation,,电机按输出偏置朝下布置，胶垫不得压到输出轴和端子。
ties,小尼龙绑带,consumables,2.0,2.0,件,0.25,0.5,0.5,无本次所选SKU报价；旧估算/历史参考,unresolved,,槽加宽并避开相邻支柱，实物检查绑带厚度、头部和打印孔收缩。
filament,打印耗材预算,consumables,400,1000,g,0.05,20.0,50,无本次所选SKU报价；旧估算/历史参考,physical-confirmation,,独立耗材估算，不把STL实心体积当切片耗材；外包打印费另列。
charger,独立18650充电器,tools,0,1.0,件,15.0,0.0,15.0,无本次所选SKU报价；旧估算/历史参考,physical-confirmation,,单列预算；若已有则不新增
hinge_guard_left,左销轴限位端盖,print,1,1,件,0,0,0,打印本体另按耗材/加工核算,nominal,,PETG同批同色；0.4mm喷嘴、0.2mm层高为首样起点。支撑由实际切片确认，清理后按试块和首件调整配合。 备用建议0件，另列不计装机。
hinge_guard_right,右销轴限位端盖,print,1,1,件,0,0,0,打印本体另按耗材/加工核算,nominal,,PETG同批同色；0.4mm喷嘴、0.2mm层高为首样起点。支撑由实际切片确认，清理后按试块和首件调整配合。 备用建议0件，另列不计装机。
battery_protection,1S电池保护板,purchased,1,1,件,4.95,4.95,4.95,用户截图显示价（非支付/实时承诺）,unresolved,https://cdn.luogu.com.cn/upload/image_hosting/s3if18a7.webp,现有电池座实体为74×22×21总包络，没有单列保护板适配证据；不能把芯片面积当板件面积。 DW01A过放检测2.40±0.10V可低至2.30V，不能直接匹配亿纬25P的2.50V下限；FS312F-G为2.90±0.08V参考，尚非已选成品。 2026-10-02用户截图报价已替换旧型号预算；仅报价证据，不证明模块包络或板级电路。
battery_connector,电池插头及配对端,purchased,1,1,件,0.56,0.56,0.56,用户截图显示价（非支付/实时承诺）,unresolved,https://cdn.luogu.com.cn/upload/image_hosting/s3if18a7.webp,配对端一起采购；旧小包络及额定电流尚未实测。不得自动把红线当成正确针位。 JST原厂SH是线对板系列，额定1A仅对AWG28；端子适用AWG32–28、绝缘外径0.4–0.8mm。旧成对线接头可能为兼容件，须确认真实型号。 2026-10-02用户截图报价已替换旧型号预算；仅报价证据，不证明模块包络或板级电路。
pullups,信号上拉电阻（按实物接口选配）,consumables,0,10,件,0.05,0.0,0.5,无本次所选SKU报价；旧估算/历史参考,physical-confirmation,,霍尔已取消；机械开关触点电流、上拉阻值和驱动故障端是否引出须按实物核对。
motor_bulk_cap,电机支路去耦,consumables,1,2,件,0.5,0.5,1.0,无本次所选SKU报价；旧估算/历史参考,unresolved,,模块现有去耦不能保证电机瞬态，按台架测量决定容量；独立电容安装包络待适配。
insulation,绝缘热缩与胶带,consumables,1,1,件,2,2,2,无本次所选SKU报价；旧估算/历史参考,physical-confirmation,,
fit_bar,配合试棒,coupons,0,1,件,0,0,0,打印本体另按耗材/加工核算,nominal,,不计正式装机数量；耗材按切片计算。
fit_gauge,配合量规,coupons,0,1,件,0,0,0,打印本体另按耗材/加工核算,nominal,,不计正式装机数量；耗材按切片计算。
insert_coupon,铜螺母试孔,coupons,0,1,件,0,0,0,打印本体另按耗材/加工核算,nominal,,不计正式装机数量；耗材按切片计算。
keeper_insert_coupon,端盖铜螺母承座试块,coupons,0,1,件,0,0,0,打印本体另按耗材/加工核算,nominal,,不计正式装机数量；耗材按切片计算。
window_insert_coupon,窗片铜螺母承座试块,coupons,0,1,件,0,0,0,打印本体另按耗材/加工核算,nominal,,不计正式装机数量；耗材按切片计算。
hinge_bore_coupon,铰链轴孔试块,coupons,0,1,件,0,0,0,打印本体另按耗材/加工核算,nominal,,不计正式装机数量；耗材按切片计算。
tool_caliper,卡尺,tools,0,1,件,25,0,25,无本次所选SKU报价；旧估算/历史参考,physical-confirmation,,
tool_iron,可控温烙铁与热装工具,tools,0,1,件,35,0,35,无本次所选SKU报价；旧估算/历史参考,physical-confirmation,,
tool_driver,M2/M3螺钉对应驱动头,tools,0,1,件,10,0,10,无本次所选SKU报价；旧估算/历史参考,physical-confirmation,,
tool_multimeter,万用表,tools,0,1,件,25,0,25,无本次所选SKU报价；旧估算/历史参考,physical-confirmation,,
tool_deburr,去毛刺工具,tools,0,1,件,8,0,8,无本次所选SKU报价；旧估算/历史参考,physical-confirmation,,
tool_bench_supply,限流台架电源,tools,0,1,件,60,0,60,无本次所选SKU报价；旧估算/历史参考,physical-confirmation,,
spare_latch,备用锁扣,spares,0,2,件,0,0,0,打印本体另按耗材/加工核算,nominal,,
external_printing,外包打印服务,services,0,1,件,0,0,0,无本次所选SKU报价；旧估算/历史参考,unresolved,,费用尚未报价，不以0元宣称免费；与设备耗材成本分开。
screw-M2x6-PAN,M2×6 普通头,purchased,12,15,枚,0.15,1.8,2.25,无本次所选SKU报价；旧估算/历史参考,physical-confirmation,,数量从CAD配置导出，不保留旧硬编码总数。
screw-M2x8-PAN,M2×8 普通头,purchased,5,10,枚,0.15,0.75,1.5,无本次所选SKU报价；旧估算/历史参考,physical-confirmation,,数量从CAD配置导出，不保留旧硬编码总数。
screw-M2x4-PAN,M2×4 普通头,purchased,2,10,枚,0.15,0.3,1.5,无本次所选SKU报价；旧估算/历史参考,physical-confirmation,,数量从CAD配置导出，不保留旧硬编码总数。
screw-M2x6-CS,M2×6 沉头,purchased,8,11,枚,0.15,1.2,1.65,无本次所选SKU报价；旧估算/历史参考,physical-confirmation,,数量从CAD配置导出，不保留旧硬编码总数。
screw-M2x8-CS,M2×8 沉头,purchased,4,10,枚,0.15,0.6,1.5,无本次所选SKU报价；旧估算/历史参考,physical-confirmation,,数量从CAD配置导出，不保留旧硬编码总数。
screw-M3x8-PAN,M3×8 普通头,purchased,2,10,枚,0.15,0.3,1.5,无本次所选SKU报价；旧估算/历史参考,physical-confirmation,,数量从CAD配置导出，不保留旧硬编码总数。
