编号,名称,类别,装机数量,整包数量,主表单价,替代情景单价,报价性质,寄个旧单项运费,SKU链接,尺寸/适配限制
base_box,打印件,print,1.0,1.0,0.0,0.0,无本次SKU报价，沿用名义值/估算,未知/不适用,,PETG同批同色；0.4mm喷嘴、0.2mm层高为首样起点。支撑由实际切片确认，清理后按试块和首件调整配合。 备用建议0件，另列不计装机。
lid,打印件,print,1.0,1.0,0.0,0.0,无本次SKU报价，沿用名义值/估算,未知/不适用,,PETG同批同色；0.4mm喷嘴、0.2mm层高为首样起点。支撑由实际切片确认，清理后按试块和首件调整配合。 备用建议0件，另列不计装机。
lock_base,打印件,print,1.0,1.0,0.0,0.0,无本次SKU报价，沿用名义值/估算,未知/不适用,,PETG同批同色；0.4mm喷嘴、0.2mm层高为首样起点。支撑由实际切片确认，清理后按试块和首件调整配合。 备用建议0件，另列不计装机。
guide_cap,打印件,print,1.0,1.0,0.0,0.0,无本次SKU报价，沿用名义值/估算,未知/不适用,,PETG同批同色；0.4mm喷嘴、0.2mm层高为首样起点。支撑由实际切片确认，清理后按试块和首件调整配合。 备用建议1件，另列不计装机。
motor_clamp,打印件,print,1.0,1.0,0.0,0.0,无本次SKU报价，沿用名义值/估算,未知/不适用,,PETG同批同色；0.4mm喷嘴、0.2mm层高为首样起点。支撑由实际切片确认，清理后按试块和首件调整配合。 备用建议0件，另列不计装机。
bolt,打印件,print,1.0,1.0,0.0,0.0,无本次SKU报价，沿用名义值/估算,未知/不适用,,PETG同批同色；0.4mm喷嘴、0.2mm层高为首样起点。支撑由实际切片确认，清理后按试块和首件调整配合。 备用建议1件，另列不计装机。
nut_carriage,打印件,print,1.0,1.0,0.0,0.0,无本次SKU报价，沿用名义值/估算,未知/不适用,,PETG同批同色；0.4mm喷嘴、0.2mm层高为首样起点。支撑由实际切片确认，清理后按试块和首件调整配合。 备用建议1件，另列不计装机。
nut_cap,打印件,print,1.0,1.0,0.0,0.0,无本次SKU报价，沿用名义值/估算,未知/不适用,,PETG同批同色；0.4mm喷嘴、0.2mm层高为首样起点。支撑由实际切片确认，清理后按试块和首件调整配合。 备用建议0件，另列不计装机。
latch,打印件,print,1.0,1.0,0.0,0.0,无本次SKU报价，沿用名义值/估算,未知/不适用,,PETG同批同色；0.4mm喷嘴、0.2mm层高为首样起点。支撑由实际切片确认，清理后按试块和首件调整配合。 备用建议2件，另列不计装机。
latch_retainer,打印件,print,1.0,1.0,0.0,0.0,无本次SKU报价，沿用名义值/估算,未知/不适用,,PETG同批同色；0.4mm喷嘴、0.2mm层高为首样起点。支撑由实际切片确认，清理后按试块和首件调整配合。 备用建议0件，另列不计装机。
window_grille,整体内侧防护栅栏,print,1.0,1.0,0.0,0.0,无本次SKU报价，沿用名义值/估算,未知/不适用,,PETG同批同色；0.4mm喷嘴、0.2mm层高为首样起点。支撑由实际切片确认，清理后按试块和首件调整配合。 备用建议0件，另列不计装机。
battery_hatch,打印件,print,1.0,1.0,0.0,0.0,无本次SKU报价，沿用名义值/估算,未知/不适用,,PETG同批同色；0.4mm喷嘴、0.2mm层高为首样起点。支撑由实际切片确认，清理后按试块和首件调整配合。 备用建议0件，另列不计装机。
electronics_tray,打印件,print,1.0,1.0,0.0,0.0,无本次SKU报价，沿用名义值/估算,未知/不适用,,PETG同批同色；0.4mm喷嘴、0.2mm层高为首样起点。支撑由实际切片确认，清理后按试块和首件调整配合。 备用建议0件，另列不计装机。
upper_deck,打印件,print,1.0,1.0,0.0,0.0,无本次SKU报价，沿用名义值/估算,未知/不适用,,PETG同批同色；0.4mm喷嘴、0.2mm层高为首样起点。支撑由实际切片确认，清理后按试块和首件调整配合。 备用建议0件，另列不计装机。
esp_clip,打印件,print,1.0,1.0,0.0,0.0,无本次SKU报价，沿用名义值/估算,未知/不适用,,PETG同批同色；0.4mm喷嘴、0.2mm层高为首样起点。支撑由实际切片确认，清理后按试块和首件调整配合。 备用建议0件，另列不计装机。
upper_clip,打印件,print,1.0,1.0,0.0,0.0,无本次SKU报价，沿用名义值/估算,未知/不适用,,PETG同批同色；0.4mm喷嘴、0.2mm层高为首样起点。支撑由实际切片确认，清理后按试块和首件调整配合。 备用建议0件，另列不计装机。
oled_bridge,打印件,print,1.0,1.0,0.0,0.0,无本次SKU报价，沿用名义值/估算,未知/不适用,,PETG同批同色；0.4mm喷嘴、0.2mm层高为首样起点。支撑由实际切片确认，清理后按试块和首件调整配合。 备用建议0件，另列不计装机。
button_retainer,打印件,print,1.0,1.0,0.0,0.0,无本次SKU报价，沿用名义值/估算,未知/不适用,,PETG同批同色；0.4mm喷嘴、0.2mm层高为首样起点。支撑由实际切片确认，清理后按试块和首件调整配合。 备用建议0件，另列不计装机。
esp,ESP32-C3 SuperMini,purchased,1.0,1.0,10.5,10.5,已观察所选SKU优惠前报价，适配待验,2,https://item.taobao.com/item.htm?id=746684070257&skuId=5146935732020,收货核对宽度较CAD多0.2mm、USB凸出、最高器件、3V3外供及USB隔离；不得直接认定卡扣适配。
motor,N20 M3×0.5丝杠减速电机,purchased,1.0,1.0,18.0,18.0,无本次SKU报价，沿用名义值/估算,未知/不适用,,厂家参考图杆外伸33.6、端部Ø2光轴3.5mm，齿箱9+电机16=25mm、齿箱截面10×12、电机径12.1 MAX；与旧26×12×10名义包络须实测比较。3V45型空载240/额定200rpm、堵转≤0.95A；3V26型额定130rpm不满足140rpm目标。供货SKU、螺距、电流/低电池带载/自锁未验证，18元仍估算。
drive_nut,M3六角螺母,purchased,1.0,1.0,0.5,0.5,无本次SKU报价，沿用名义值/估算,未知/不适用,,不能用厚度/牙距不符的螺母
cell,18650电芯,purchased,1.0,1.0,12.0,11,已观察所选SKU优惠前报价，适配待验,0,https://item.taobao.com/item.htm?id=746205673995&skuId=5421654243887,平头非保护芯；2500mAh比原2600mAh标称少约3.8%；预售5天；模块保护切断不能低于电芯规格，不默认DW01A足够；整座包络待测。
battery_holder,单节18650带线座,purchased,1.0,1.0,0.5,0.5,已观察所选SKU优惠前报价，适配待验,2,https://item.taobao.com/item.htm?id=608911086247&skuId=4277561585844,必须装入平头电芯后测总包络≤74×22×21；检查弹簧、焊线、极性和压降。
power_board,3.3V升降压稳压模块,purchased,1.0,1.0,75,6.9,已观察所选SKU优惠前报价，适配待验,0,https://item.taobao.com/item.htm?id=854449832375&skuId=5822396794144,原CAD15×20×7.2，长边增加5mm，必须适配后使用；只短接3V3，先空载量输出；不选输入3–20V的2035；低电池ESP瞬态及待机功耗须实测。
bridge_board,小型双向直流电机驱动板,purchased,1.0,1.0,40,2.38,已观察所选SKU优惠前报价，适配待验,2,https://item.taobao.com/item.htm?id=613483776328,芯片丝印/封装未确认，按PW每通道500mA RMS保守筛选；须测电机启动/堵转及温升。未引出FLT；STBY连通性及默认上下拉待测。
oled,0.96寸I2C OLED,purchased,1.0,1.0,7.0,7.5,已观察所选SKU优惠前报价，适配待验,2,https://item.taobao.com/item.htm?id=608307780108&skuId=4276111673863,原CAD27.8×27.3；安装孔位与显示区/玻璃高度需适配，核实3.3V和驱动初始化。
button,小型内置按键,purchased,1.0,1.0,1.0,1.0,无本次SKU报价，沿用名义值/估算,未知/不适用,,背板夹持；电线从Ø3.5孔出 尚未核得Ø9×4且触头Ø7的确定供货型号，1元为估算，不能把方形6×6轻触开关认定适配。
acrylic,亚克力窗片,purchased,1.0,1.0,5.0,5.0,无本次SKU报价，沿用名义值/估算,未知/不适用,,不钻孔；双栅栏夹持；实测板厚与接触平整度；固定耳承担预紧力
hinge_pin,钢销轴,purchased,1.0,1.0,2.0,2.0,无本次SKU报价，沿用名义值/估算,未知/不适用,,连续轴孔Ø2.4；两端打印限位端盖，各0.5mm名义间隙
thread_inserts,M2热熔铜螺母,purchased,10.0,20,0.4,0.4,无本次SKU报价，沿用名义值/估算,未知/不适用,,电池盖4、内栅4、销轴端盖2；外径/长度实物复核，预算待询价 ruthex RX-M2x4官方外径3.6、底径3.1、推荐孔3.2、长4.0mm；3.2为安装孔而非外径，该款不直接替换原OD3.2候选。价格仍非国内真实SKU报价。
hall,位置检测元件及小板,purchased,3.0,3.0,1.0,1.0,无本次SKU报价，沿用名义值/估算,未知/不适用,,只核对了芯片电气属性，三片现成板件仍未选定。旧8×6/6×6小板不能当作商品尺寸；须补充模块或重新设计支架。 ZE为20Hz全极性开漏、BOP最大63mT；裸芯片不能替代完整小板及装配费用，1元/片仍非真实成品板报价。 ScoutMakes公开成品板为25.4×17.78mm，超过全部旧小板包络；当前厂家版本FB为5Hz推挽，与ZE不同，淘宝图片相似不证明具体出货芯片。 成品供应商给整板含器件25.6×17.8×7.2mm；25.4×17.78只是公开PCB外框。
magnets,小磁铁,purchased,2.0,10,0.5,0.5,无本次SKU报价，沿用名义值/估算,未知/不适用,,闭盖/锁栓各1；轴向充磁，环氧定位，触发与释放必须实测 公开S-03-02-N规格参照为Ø3×2、轴向N48、公差±0.1mm；实际国内SKU磁牌号与触发距离未知，不套用欧洲包装价格。
wiring,线束导线,consumables,2,5,0.8,0.8,无本次SKU报价，沿用名义值/估算,未知/不适用,,可拆接口经过隔墙，拔插后取出电池座 AWG26/24主支路线不能直接压入原厂SH端子；选预压接尾线或更适合的接头，并核对电流/压降/包络。
pads,绝缘双面胶垫/定位薄垫,consumables,1.0,1.0,2.0,2.0,无本次SKU报价，沿用名义值/估算,未知/不适用,,填充板底并定位；实际压缩厚度须测量
ties,小尼龙绑带,consumables,2.0,2.0,0.25,0.25,无本次SKU报价，沿用名义值/估算,未知/不适用,,旧CAD绑带槽宽1.5mm；常见2.5mm绑带不适配，需窄带或局部扩槽。
filament,打印耗材预算,consumables,400,1000,0.05,0.05,无本次SKU报价，沿用名义值/估算,未知/不适用,,独立耗材估算，不把STL实心体积当切片耗材；外包打印费另列。
charger,独立18650充电器,tools,0,1.0,15.0,15.0,无本次SKU报价，沿用名义值/估算,未知/不适用,,单列预算；若已有则不新增
hinge_guard_left,左销轴限位端盖,print,1,1,0,0,无本次SKU报价，沿用名义值/估算,未知/不适用,,PETG同批同色；0.4mm喷嘴、0.2mm层高为首样起点。支撑由实际切片确认，清理后按试块和首件调整配合。 备用建议0件，另列不计装机。
hinge_guard_right,右销轴限位端盖,print,1,1,0,0,无本次SKU报价，沿用名义值/估算,未知/不适用,,PETG同批同色；0.4mm喷嘴、0.2mm层高为首样起点。支撑由实际切片确认，清理后按试块和首件调整配合。 备用建议0件，另列不计装机。
battery_protection,1S电池保护板,purchased,1,2,2,2,无本次SKU报价，沿用名义值/估算,未知/不适用,,现有电池座实体为74×22×21总包络，没有单列保护板适配证据；不能把芯片面积当板件面积。 DW01A过放检测2.40±0.10V可低至2.30V，不能直接匹配亿纬25P的2.50V下限；FS312F-G为2.90±0.08V参考，尚非已选成品。
battery_connector,电池插头及配对端,purchased,1,2,2,2,无本次SKU报价，沿用名义值/估算,未知/不适用,,配对端一起采购；旧小包络及额定电流尚未实测。不得自动把红线当成正确针位。 JST原厂SH是线对板系列，额定1A仅对AWG28；端子适用AWG32–28、绝缘外径0.4–0.8mm。旧成对线接头可能为兼容件，须确认真实型号。
pullups,霍尔信号上拉,consumables,4,10,0.05,0.05,无本次SKU报价，沿用名义值/估算,未知/不适用,,主候选裸DRV5032与DRV8833 FLT为开漏；实际模块上拉先量测，避免重复。
hall_decoupling,霍尔去耦电容,consumables,3,10,0.08,0.08,无本次SKU报价，沿用名义值/估算,未知/不适用,,模块已带去耦时装机数量0，须按实物BOM核对。
motor_bulk_cap,电机支路去耦,consumables,1,2,0.5,0.5,无本次SKU报价，沿用名义值/估算,未知/不适用,,模块现有去耦不能保证电机瞬态，按台架测量决定容量；独立电容安装包络待适配。
insulation,绝缘热缩与胶带,consumables,1,1,2,2,无本次SKU报价，沿用名义值/估算,未知/不适用,,
magnet_adhesive,磁铁定位胶,consumables,0.02,1,8,8,无本次SKU报价，沿用名义值/估算,未知/不适用,,
fit_bar,配合试棒,coupons,0,1,0,0,无本次SKU报价，沿用名义值/估算,未知/不适用,,不计正式装机数量；耗材按切片计算。
fit_gauge,配合量规,coupons,0,1,0,0,无本次SKU报价，沿用名义值/估算,未知/不适用,,不计正式装机数量；耗材按切片计算。
insert_coupon,铜螺母试孔,coupons,0,1,0,0,无本次SKU报价，沿用名义值/估算,未知/不适用,,不计正式装机数量；耗材按切片计算。
keeper_insert_coupon,端盖铜螺母承座试块,coupons,0,1,0,0,无本次SKU报价，沿用名义值/估算,未知/不适用,,不计正式装机数量；耗材按切片计算。
window_insert_coupon,窗片铜螺母承座试块,coupons,0,1,0,0,无本次SKU报价，沿用名义值/估算,未知/不适用,,不计正式装机数量；耗材按切片计算。
hinge_bore_coupon,铰链轴孔试块,coupons,0,1,0,0,无本次SKU报价，沿用名义值/估算,未知/不适用,,不计正式装机数量；耗材按切片计算。
hall_sensor_coupon,霍尔定位试块,coupons,0,1,0,0,无本次SKU报价，沿用名义值/估算,未知/不适用,,不计正式装机数量；耗材按切片计算。
hall_magnet_coupon,磁铁定位试块,coupons,0,1,0,0,无本次SKU报价，沿用名义值/估算,未知/不适用,,不计正式装机数量；耗材按切片计算。
hall_gap_gauge,霍尔间隙量规,coupons,0,1,0,0,无本次SKU报价，沿用名义值/估算,未知/不适用,,不计正式装机数量；耗材按切片计算。
tool_caliper,卡尺,tools,0,1,25,25,无本次SKU报价，沿用名义值/估算,未知/不适用,,
tool_iron,可控温烙铁与热装工具,tools,0,1,35,35,无本次SKU报价，沿用名义值/估算,未知/不适用,,
tool_driver,M2/M3螺钉对应驱动头,tools,0,1,10,10,无本次SKU报价，沿用名义值/估算,未知/不适用,,
tool_multimeter,万用表,tools,0,1,25,25,无本次SKU报价，沿用名义值/估算,未知/不适用,,
tool_deburr,去毛刺工具,tools,0,1,8,8,无本次SKU报价，沿用名义值/估算,未知/不适用,,
tool_bench_supply,限流台架电源,tools,0,1,60,60,无本次SKU报价，沿用名义值/估算,未知/不适用,,
spare_latch,备用锁扣,spares,0,2,0,0,无本次SKU报价，沿用名义值/估算,未知/不适用,,
external_printing,外包打印服务,services,0,1,0,0,无本次SKU报价，沿用名义值/估算,未知/不适用,,费用尚未报价，不以0元宣称免费；与设备耗材成本分开。
screw-M2x6-PAN,M2×6 普通头,purchased,14,17,0.15,0.15,无本次SKU报价，沿用名义值/估算,未知/不适用,,数量从CAD配置导出，不保留旧硬编码总数。
screw-M2x8-PAN,M2×8 普通头,purchased,5,10,0.15,0.15,无本次SKU报价，沿用名义值/估算,未知/不适用,,数量从CAD配置导出，不保留旧硬编码总数。
screw-M2x4-PAN,M2×4 普通头,purchased,2,10,0.15,0.15,无本次SKU报价，沿用名义值/估算,未知/不适用,,数量从CAD配置导出，不保留旧硬编码总数。
screw-M2x6-CS,M2×6 沉头,purchased,8,11,0.15,0.15,无本次SKU报价，沿用名义值/估算,未知/不适用,,数量从CAD配置导出，不保留旧硬编码总数。
screw-M2x8-CS,M2×8 沉头,purchased,4,10,0.15,0.15,无本次SKU报价，沿用名义值/估算,未知/不适用,,数量从CAD配置导出，不保留旧硬编码总数。
screw-M3x8-PAN,M3×8 普通头,purchased,2,10,0.15,0.15,无本次SKU报价，沿用名义值/估算,未知/不适用,,数量从CAD配置导出，不保留旧硬编码总数。
