"version","generatedAt","cadFingerprint","dataFingerprint","id","name","category","installedQuantity","purchaseQuantity","unit","specification","candidate","alternatives","parts","connections","mounting","unitPrice","installedSubtotal","packageQuantity","packagePrice","status","source","acceptance","note"
"V3-plan1.1","2026-10-01T17:30:15.736102+00:00","d1dc445e5ce543239a1012be095a35d1c04742943b300b049524b15deb2aeb14","b046dc5dcd8aec646c1baedcb0e4c7d6e203c110d56dbe9a6b43649746e391d3","base_box","打印件","print","1","1","件","stl/v3/base_box.stl","打印件","仅替换满足全部接口与尺寸要求的同规格件；变化须核对CAD","base_box","","底面落床、开口朝上；整件有效平台至少240×120mm，额外留裙边/夹具","0","0","1","0","nominal","","核对电池仓顶棚、锁模块安装台和横向轴孔的桥接/支撑；清理隔仓、导孔和OLED/按键定位面","PETG同批同色；0.4mm喷嘴、0.2mm层高为首样起点。支撑由实际切片确认，清理后按试块和首件调整配合。 备用建议0件，另列不计装机。"
"V3-plan1.1","2026-10-01T17:30:15.736102+00:00","d1dc445e5ce543239a1012be095a35d1c04742943b300b049524b15deb2aeb14","b046dc5dcd8aec646c1baedcb0e4c7d6e203c110d56dbe9a6b43649746e391d3","lid","打印件","print","1","1","件","stl/v3/lid.stl","打印件","仅替换满足全部接口与尺寸要求的同规格件；变化须核对CAD","lid","","按落床STL绕X翻180°，外表面朝床，内侧轴套/锁扣座朝上","0","0","1","0","nominal","","核对铰链轴孔与局部悬垂；外栅与接触面去毛刺，保留四耳限位高度","PETG同批同色；0.4mm喷嘴、0.2mm层高为首样起点。支撑由实际切片确认，清理后按试块和首件调整配合。 备用建议0件，另列不计装机。"
"V3-plan1.1","2026-10-01T17:30:15.736102+00:00","d1dc445e5ce543239a1012be095a35d1c04742943b300b049524b15deb2aeb14","b046dc5dcd8aec646c1baedcb0e4c7d6e203c110d56dbe9a6b43649746e391d3","lock_base","打印件","print","1","1","件","stl/v3/lock_base.stl","打印件","仅替换满足全部接口与尺寸要求的同规格件；变化须核对CAD","lock_base","","底板落床，支柱、导向挡边朝上；保持导出姿态","0","0","1","0","nominal","","核对横向丝杠让位、导向桥接；清理导轨、底部安装面与电机定位面","PETG同批同色；0.4mm喷嘴、0.2mm层高为首样起点。支撑由实际切片确认，清理后按试块和首件调整配合。 备用建议0件，另列不计装机。"
"V3-plan1.1","2026-10-01T17:30:15.736102+00:00","d1dc445e5ce543239a1012be095a35d1c04742943b300b049524b15deb2aeb14","b046dc5dcd8aec646c1baedcb0e4c7d6e203c110d56dbe9a6b43649746e391d3","guide_cap","打印件","print","1","1","件","stl/v3/guide_cap.stl","打印件","仅替换满足全部接口与尺寸要求的同规格件；变化须核对CAD","guide_cap","","底面落床，导向盖保持CAD装配方向","0","0","1","0","nominal","","核对小跨度桥接与螺钉口；清理锁栓通道，不能以电机强推去支撑","PETG同批同色；0.4mm喷嘴、0.2mm层高为首样起点。支撑由实际切片确认，清理后按试块和首件调整配合。 备用建议1件，另列不计装机。"
"V3-plan1.1","2026-10-01T17:30:15.736102+00:00","d1dc445e5ce543239a1012be095a35d1c04742943b300b049524b15deb2aeb14","b046dc5dcd8aec646c1baedcb0e4c7d6e203c110d56dbe9a6b43649746e391d3","motor_clamp","打印件","print","1","1","件","stl/v3/motor_clamp.stl","打印件","仅替换满足全部接口与尺寸要求的同规格件；变化须核对CAD","motor_clamp","","压板下接触面落床；保持导出姿态","0","0","1","0","nominal","","核对电机接触面跨度；清理压紧面及导孔，垫材另装","PETG同批同色；0.4mm喷嘴、0.2mm层高为首样起点。支撑由实际切片确认，清理后按试块和首件调整配合。 备用建议0件，另列不计装机。"
"V3-plan1.1","2026-10-01T17:30:15.736102+00:00","d1dc445e5ce543239a1012be095a35d1c04742943b300b049524b15deb2aeb14","b046dc5dcd8aec646c1baedcb0e4c7d6e203c110d56dbe9a6b43649746e391d3","bolt","打印件","print","1","1","件","stl/v3/bolt.stl","打印件","仅替换满足全部接口与尺寸要求的同规格件；变化须核对CAD","bolt","","丝杠机构锁栓长轴平行床面，按导出姿态；窄接触区可加裙边","0","0","1","0","nominal","","核对圆弧底部、拨指悬垂的支撑与附着；清理全长滑动面，不磨掉名义拨指配合","PETG同批同色；0.4mm喷嘴、0.2mm层高为首样起点。支撑由实际切片确认，清理后按试块和首件调整配合。 备用建议1件，另列不计装机。"
"V3-plan1.1","2026-10-01T17:30:15.736102+00:00","d1dc445e5ce543239a1012be095a35d1c04742943b300b049524b15deb2aeb14","b046dc5dcd8aec646c1baedcb0e4c7d6e203c110d56dbe9a6b43649746e391d3","nut_carriage","打印件","print","1","1","件","stl/v3/nut_carriage.stl","打印件","仅替换满足全部接口与尺寸要求的同规格件；变化须核对CAD","nut_carriage","","底面落床，金属螺母捕获槽朝上；保持导出姿态","0","0","1","0","nominal","","清理螺母槽、拨指槽与运动接触面；避免支撑残留卡住名义浮动间隙","PETG同批同色；0.4mm喷嘴、0.2mm层高为首样起点。支撑由实际切片确认，清理后按试块和首件调整配合。 备用建议1件，另列不计装机。"
"V3-plan1.1","2026-10-01T17:30:15.736102+00:00","d1dc445e5ce543239a1012be095a35d1c04742943b300b049524b15deb2aeb14","b046dc5dcd8aec646c1baedcb0e4c7d6e203c110d56dbe9a6b43649746e391d3","nut_cap","打印件","print","1","1","件","stl/v3/nut_cap.stl","打印件","仅替换满足全部接口与尺寸要求的同规格件；变化须核对CAD","nut_cap","","螺母盖下表面落床，保持导出姿态","0","0","1","0","nominal","","检查螺钉口、薄边和捕获面；不打印或攻出金属M3驱动螺纹","PETG同批同色；0.4mm喷嘴、0.2mm层高为首样起点。支撑由实际切片确认，清理后按试块和首件调整配合。 备用建议0件，另列不计装机。"
"V3-plan1.1","2026-10-01T17:30:15.736102+00:00","d1dc445e5ce543239a1012be095a35d1c04742943b300b049524b15deb2aeb14","b046dc5dcd8aec646c1baedcb0e4c7d6e203c110d56dbe9a6b43649746e391d3","latch","打印件","print","1","1","件","stl/v3/latch.stl","打印件","仅替换满足全部接口与尺寸要求的同规格件；变化须核对CAD","latch","","按落床STL绕X旋90°，锁扣侧面朝床，锁栓穿孔轴向朝Z","0","0","1","0","nominal","","清理锁栓穿孔与捕获定位面；用首件对准区实测调整","PETG同批同色；0.4mm喷嘴、0.2mm层高为首样起点。支撑由实际切片确认，清理后按试块和首件调整配合。 备用建议2件，另列不计装机。"
"V3-plan1.1","2026-10-01T17:30:15.736102+00:00","d1dc445e5ce543239a1012be095a35d1c04742943b300b049524b15deb2aeb14","b046dc5dcd8aec646c1baedcb0e4c7d6e203c110d56dbe9a6b43649746e391d3","latch_retainer","打印件","print","1","1","件","stl/v3/latch_retainer.stl","打印件","仅替换满足全部接口与尺寸要求的同规格件；变化须核对CAD","latch_retainer","","压板下表面落床，保持导出姿态","0","0","1","0","nominal","","清理压板孔口及锁扣接触面，避免夹死锁扣通道","PETG同批同色；0.4mm喷嘴、0.2mm层高为首样起点。支撑由实际切片确认，清理后按试块和首件调整配合。 备用建议0件，另列不计装机。"
"V3-plan1.1","2026-10-01T17:30:15.736102+00:00","d1dc445e5ce543239a1012be095a35d1c04742943b300b049524b15deb2aeb14","b046dc5dcd8aec646c1baedcb0e4c7d6e203c110d56dbe9a6b43649746e391d3","window_grille","整体内侧防护栅栏","print","1","1","件","stl/v3/window_grille.stl","整体内侧防护栅栏","仅替换满足全部接口与尺寸要求的同规格件；变化须核对CAD","window_grille","","Z47.4接触基面落床，沉头口朝床；栅条接触窗片的高面朝上","0","0","1","0","nominal","","核对四耳沉头口局部桥接，清理窗片接触边框/栅条、耳底和四螺钉口；不能靠强拧补偿板厚","PETG同批同色；0.4mm喷嘴、0.2mm层高为首样起点。支撑由实际切片确认，清理后按试块和首件调整配合。 备用建议0件，另列不计装机。"
"V3-plan1.1","2026-10-01T17:30:15.736102+00:00","d1dc445e5ce543239a1012be095a35d1c04742943b300b049524b15deb2aeb14","b046dc5dcd8aec646c1baedcb0e4c7d6e203c110d56dbe9a6b43649746e391d3","battery_hatch","打印件","print","1","1","件","stl/v3/battery_hatch.stl","打印件","仅替换满足全部接口与尺寸要求的同规格件；变化须核对CAD","battery_hatch","","外侧平面Z0落床，电池支承凸台朝上","0","0","1","0","nominal","","清理沉头口、维护盖接合边和支承台；保证座向下取出通道","PETG同批同色；0.4mm喷嘴、0.2mm层高为首样起点。支撑由实际切片确认，清理后按试块和首件调整配合。 备用建议0件，另列不计装机。"
"V3-plan1.1","2026-10-01T17:30:15.736102+00:00","d1dc445e5ce543239a1012be095a35d1c04742943b300b049524b15deb2aeb14","b046dc5dcd8aec646c1baedcb0e4c7d6e203c110d56dbe9a6b43649746e391d3","electronics_tray","打印件","print","1","1","件","stl/v3/electronics_tray.stl","打印件","仅替换满足全部接口与尺寸要求的同规格件；变化须核对CAD","electronics_tray","","底托平板落床，柱与板件挡边朝上","0","0","1","0","nominal","","清理绑带槽和柱顶孔口；当前1.5mm槽与2.5mm绑带冲突保持未解决","PETG同批同色；0.4mm喷嘴、0.2mm层高为首样起点。支撑由实际切片确认，清理后按试块和首件调整配合。 备用建议0件，另列不计装机。"
"V3-plan1.1","2026-10-01T17:30:15.736102+00:00","d1dc445e5ce543239a1012be095a35d1c04742943b300b049524b15deb2aeb14","b046dc5dcd8aec646c1baedcb0e4c7d6e203c110d56dbe9a6b43649746e391d3","upper_deck","打印件","print","1","1","件","stl/v3/upper_deck.stl","打印件","仅替换满足全部接口与尺寸要求的同规格件；变化须核对CAD","upper_deck","","上层托板平板落床，挡边与压条柱朝上","0","0","1","0","nominal","","清理过线孔与安装面；板件/焊点不能被压条强压，适配未解决时先停装","PETG同批同色；0.4mm喷嘴、0.2mm层高为首样起点。支撑由实际切片确认，清理后按试块和首件调整配合。 备用建议0件，另列不计装机。"
"V3-plan1.1","2026-10-01T17:30:15.736102+00:00","d1dc445e5ce543239a1012be095a35d1c04742943b300b049524b15deb2aeb14","b046dc5dcd8aec646c1baedcb0e4c7d6e203c110d56dbe9a6b43649746e391d3","esp_clip","打印件","print","1","1","件","stl/v3/esp_clip.stl","打印件","仅替换满足全部接口与尺寸要求的同规格件；变化须核对CAD","esp_clip","","压条大平面落床，保持导出姿态","0","0","1","0","nominal","","通常无需复杂支撑，实际切片核对；清理螺钉孔和PCB接触面","PETG同批同色；0.4mm喷嘴、0.2mm层高为首样起点。支撑由实际切片确认，清理后按试块和首件调整配合。 备用建议0件，另列不计装机。"
"V3-plan1.1","2026-10-01T17:30:15.736102+00:00","d1dc445e5ce543239a1012be095a35d1c04742943b300b049524b15deb2aeb14","b046dc5dcd8aec646c1baedcb0e4c7d6e203c110d56dbe9a6b43649746e391d3","upper_clip","打印件","print","1","1","件","stl/v3/upper_clip.stl","打印件","仅替换满足全部接口与尺寸要求的同规格件；变化须核对CAD","upper_clip","","驱动压条大平面落床，保持导出姿态","0","0","1","0","nominal","","清理孔口与板接触面；实际驱动最高元件/焊线包络待核对","PETG同批同色；0.4mm喷嘴、0.2mm层高为首样起点。支撑由实际切片确认，清理后按试块和首件调整配合。 备用建议0件，另列不计装机。"
"V3-plan1.1","2026-10-01T17:30:15.736102+00:00","d1dc445e5ce543239a1012be095a35d1c04742943b300b049524b15deb2aeb14","b046dc5dcd8aec646c1baedcb0e4c7d6e203c110d56dbe9a6b43649746e391d3","oled_bridge","打印件","print","1","1","件","stl/v3/oled_bridge.stl","打印件","仅替换满足全部接口与尺寸要求的同规格件；变化须核对CAD","oled_bridge","","下平面落床，沉头顶口朝上；保持导出姿态","0","0","1","0","nominal","","清理沉头口和玻璃/板定位接触面，不夹压显示玻璃","PETG同批同色；0.4mm喷嘴、0.2mm层高为首样起点。支撑由实际切片确认，清理后按试块和首件调整配合。 备用建议0件，另列不计装机。"
"V3-plan1.1","2026-10-01T17:30:15.736102+00:00","d1dc445e5ce543239a1012be095a35d1c04742943b300b049524b15deb2aeb14","b046dc5dcd8aec646c1baedcb0e4c7d6e203c110d56dbe9a6b43649746e391d3","button_retainer","打印件","print","1","1","件","stl/v3/button_retainer.stl","打印件","仅替换满足全部接口与尺寸要求的同规格件；变化须核对CAD","button_retainer","","按落床STL绕X旋90°，背板大平面落床，两孔轴向朝Z","0","0","1","0","nominal","","清理两孔和按键背面接触面，装后检查回弹与触点","PETG同批同色；0.4mm喷嘴、0.2mm层高为首样起点。支撑由实际切片确认，清理后按试块和首件调整配合。 备用建议0件，另列不计装机。"
"V3-plan1.1","2026-10-01T17:30:15.736102+00:00","d1dc445e5ce543239a1012be095a35d1c04742943b300b049524b15deb2aeb14","b046dc5dcd8aec646c1baedcb0e4c7d6e203c110d56dbe9a6b43649746e391d3","esp","ESP32-C3 SuperMini","purchased","1","1","件","17.8×22.5mm PCB；总高6.2mm","ESP32-C3 SuperMini 无排针版","仅替换满足全部接口与尺寸要求的同规格件；变化须核对CAD","esp | esp_clip | electronics_tray","","板内USB仅用于开盖维护，不开外露孔","10","10","1","10","physical-confirmation","https://www.espressif.com/sites/default/files/documentation/esp32-c3_datasheet_en.pdf","量板、USB、最高器件和焊线包络；识别3V3/GND和GPIO丝印；核对板载稳压及USB反灌路径。","芯片资料已核对；SuperMini第三方板型及USB电路需实物确认，不能将芯片引脚号当板端针位。"
"V3-plan1.1","2026-10-01T17:30:15.736102+00:00","d1dc445e5ce543239a1012be095a35d1c04742943b300b049524b15deb2aeb14","b046dc5dcd8aec646c1baedcb0e4c7d6e203c110d56dbe9a6b43649746e391d3","motor","N20 M3×0.5丝杠减速电机","purchased","1","1","件","本体26×12×10；杆外伸33.6；端子另占2mm","GA12-N20 3V、M3×0.5丝杠、标称200 rpm候选（待确认具体供货SKU）","仅替换满足全部接口与尺寸要求的同规格件；变化须核对CAD","motor | motor_clamp | lock_base","","SKU未冻结；低电压带载转速目标≥140rpm，需验证轴向承载/自锁","18","18","1","18","unresolved","docs/design/v3-cad.md","核对3V绕组、26×12×10本体、33.6外伸及端子；低电压带载≥140 rpm，测14 mm全行程，禁止以空载200 rpm推算达标。","当前无可靠供货尺寸图；采购前索要电压、丝杠和启动/堵转电流。主候选不得视为已验证商品。"
"V3-plan1.1","2026-10-01T17:30:15.736102+00:00","d1dc445e5ce543239a1012be095a35d1c04742943b300b049524b15deb2aeb14","b046dc5dcd8aec646c1baedcb0e4c7d6e203c110d56dbe9a6b43649746e391d3","drive_nut","M3六角螺母","purchased","1","1","件","对边5.5、外接圆约6.35、厚2.4mm","M3六角螺母","仅替换满足全部接口与尺寸要求的同规格件；变化须核对CAD","drive_nut | nut_carriage | nut_cap","","不能用厚度/牙距不符的螺母","0.5","0.5","1","0.5","physical-confirmation","","M3×0.5牙距、对边5.5、厚2.4；检查滑块捕获且有浮动余量。","不能用厚度/牙距不符的螺母"
"V3-plan1.1","2026-10-01T17:30:15.736102+00:00","d1dc445e5ce543239a1012be095a35d1c04742943b300b049524b15deb2aeb14","b046dc5dcd8aec646c1baedcb0e4c7d6e203c110d56dbe9a6b43649746e391d3","cell","18650电芯","purchased","1","1","件","与74×22×21总包络的电池座实测匹配","平头非保护18650，2600mAh级候选；独立1S保护板","仅替换满足全部接口与尺寸要求的同规格件；变化须核对CAD","battery_holder","","电芯保护/欠压方案与电源板一起确认","12","12","1","12","physical-confirmation","","量电芯长度、外径及座内接触长度；检查包皮、极性与保护切断；禁用未知拆机电芯。","电芯保护/欠压方案与电源板一起确认"
"V3-plan1.1","2026-10-01T17:30:15.736102+00:00","d1dc445e5ce543239a1012be095a35d1c04742943b300b049524b15deb2aeb14","b046dc5dcd8aec646c1baedcb0e4c7d6e203c110d56dbe9a6b43649746e391d3","battery_holder","单节18650带线座","purchased","1","1","件","包含电芯后总包络≤74×22×21mm","单节18650带红黑线座，无USB充电电路","仅替换满足全部接口与尺寸要求的同规格件；变化须核对CAD","battery_holder | battery_hatch","","长保护电芯可能不适配；购买前实测","2","2","1","2","physical-confirmation","","装入电芯量整个座/接触弹片/线头，必须满足74×22×21约束；检查取出与连接器路径。","长保护电芯可能不适配；购买前实测"
"V3-plan1.1","2026-10-01T17:30:15.736102+00:00","d1dc445e5ce543239a1012be095a35d1c04742943b300b049524b15deb2aeb14","b046dc5dcd8aec646c1baedcb0e4c7d6e203c110d56dbe9a6b43649746e391d3","power_board","3.3V升降压稳压模块","purchased","1","1","件","输入2.7～11.8V；固定3.3V；裸板约11×17×3mm，直接焊线，禁止装直排针","Pololu S7V8F3 #2122（有资料的主候选）","低价TPS63000/63020成品3.3V升降压板：必须补充供货图和实测包络；不能只以芯片尺寸适配","power_board | electronics_tray","","主控支路稳压，无充电/电芯保护；负载能力覆盖ESP启动峰值与OLED/霍尔，电机另走母线支路","75","75","1","75","documentation-checked","https://www.pololu.com/product/2122/","量含元件及焊线包络；在电池2.7～4.2V下测试ESP启动瞬态及稳压；SHDN不接或按资料接VIN。","资料可核对但预算冲突：本模块估算75元替代原4元。来源价格不是人民币报价；人民币成本须用户询价。该板不含电池过放保护。"
"V3-plan1.1","2026-10-01T17:30:15.736102+00:00","d1dc445e5ce543239a1012be095a35d1c04742943b300b049524b15deb2aeb14","b046dc5dcd8aec646c1baedcb0e4c7d6e203c110d56dbe9a6b43649746e391d3","bridge_board","小型双向直流电机驱动板","purchased","1","1","件","裸板12.7×20.3mm；VM2.7～10.8V；每通道典型1.2A持续、2A峰值；直接焊线","Pololu DRV8833 Dual Motor Driver Carrier #2130","仅替换满足全部接口与尺寸要求的同规格件；变化须核对CAD","bridge_board | upper_deck | upper_clip","","驱动电压/电流与实物匹配；固件另行改造","40","40","1","40","unresolved","https://www.pololu.com/product/2130 | https://www.pololu.com/file/0J1615/drv8833-dual-motor-driver-carrier-dimensions.pdf","核对20.3mm长板及最高器件、端子、出线空间；測电机启动/堵转电流并核对热设计。","板长20.3mm超出旧20mm候选包络0.3mm，局部挡边和焊线空间待适配；人民币估算40元也超出原3元预算。禁止图纸显示已验证装配。"
"V3-plan1.1","2026-10-01T17:30:15.736102+00:00","d1dc445e5ce543239a1012be095a35d1c04742943b300b049524b15deb2aeb14","b046dc5dcd8aec646c1baedcb0e4c7d6e203c110d56dbe9a6b43649746e391d3","oled","0.96寸I2C OLED","purchased","1","1","件","PCB27.8×27.3×1.6；玻璃/排针见hardware.scad","SSD1306 0.96寸128×64 I²C四针模块（焊线版）","仅替换满足全部接口与尺寸要求的同规格件；变化须核对CAD","oled | oled_bridge","","各厂排针、孔位和玻璃高度有差异","7","7","1","7","physical-confirmation","https://cdn-shop.adafruit.com/datasheets/SSD1306.pdf","确认3.3V供电、I²C地址和GND/VCC/SCL/SDA丝印；核对27.8×27.3PCB和玻璃/出线高度，不默认其他厂同尺寸。","各厂排针、孔位和玻璃高度有差异"
"V3-plan1.1","2026-10-01T17:30:15.736102+00:00","d1dc445e5ce543239a1012be095a35d1c04742943b300b049524b15deb2aeb14","b046dc5dcd8aec646c1baedcb0e4c7d6e203c110d56dbe9a6b43649746e391d3","button","小型内置按键","purchased","1","1","件","主体Ø9×4；触头Ø7，外表面下沉0.5mm","小型常开瞬时按键，主体Ø9×4、触头Ø7候选","仅替换满足全部接口与尺寸要求的同规格件；变化须核对CAD","button | button_retainer","","背板夹持；电线从Ø3.5孔出","1","1","1","1","physical-confirmation","","量安装尺寸、回弹，万用表确认常开；按下接地、GPIO上拉。","背板夹持；电线从Ø3.5孔出"
"V3-plan1.1","2026-10-01T17:30:15.736102+00:00","d1dc445e5ce543239a1012be095a35d1c04742943b300b049524b15deb2aeb14","b046dc5dcd8aec646c1baedcb0e4c7d6e203c110d56dbe9a6b43649746e391d3","acrylic","亚克力窗片","purchased","1","1","件","149×82×1.5mm","亚克力窗片","仅替换满足全部接口与尺寸要求的同规格件；变化须核对CAD","acrylic | window_grille | lid","","不钻孔；双栅栏夹持；实测板厚与接触平整度；固定耳承担预紧力","5","5","1","5","physical-confirmation","","卡尺多点测厚1.5；外形149×82、去毛刺，不钻孔；轻拧至四耳限位后检查晃动与顶压。","不钻孔；双栅栏夹持；实测板厚与接触平整度；固定耳承担预紧力"
"V3-plan1.1","2026-10-01T17:30:15.736102+00:00","d1dc445e5ce543239a1012be095a35d1c04742943b300b049524b15deb2aeb14","b046dc5dcd8aec646c1baedcb0e4c7d6e203c110d56dbe9a6b43649746e391d3","hinge_pin","钢销轴","purchased","1","1","件","Ø2×180mm","钢销轴","仅替换满足全部接口与尺寸要求的同规格件；变化须核对CAD","hinge_pin | hinge_guard_left | hinge_guard_right","","连续轴孔Ø2.4；两端打印限位端盖，各0.5mm名义间隙","2","2","1","2","physical-confirmation","","Ø2×180；检查直线度、倒钝端面、轴孔试块及两端0.5名义间隙。","连续轴孔Ø2.4；两端打印限位端盖，各0.5mm名义间隙"
"V3-plan1.1","2026-10-01T17:30:15.736102+00:00","d1dc445e5ce543239a1012be095a35d1c04742943b300b049524b15deb2aeb14","b046dc5dcd8aec646c1baedcb0e4c7d6e203c110d56dbe9a6b43649746e391d3","thread_inserts","M2热熔铜螺母","purchased","10","20","件","外Ø3.2、长4mm原型包络；预孔试2.8/2.9/3.0","M2热熔铜螺母","仅替换满足全部接口与尺寸要求的同规格件；变化须核对CAD","inserts_fixed | inserts_lid","","电池盖4、内栅4、销轴端盖2；外径/长度实物复核，预算待询价","0.4","4","20","8","physical-confirmation","","外径3.2、长4；试孔2.8/2.9/3.0；检查垂直、深度和热装后承座保持力。","电池盖4、内栅4、销轴端盖2；外径/长度实物复核，预算待询价"
"V3-plan1.1","2026-10-01T17:30:15.736102+00:00","d1dc445e5ce543239a1012be095a35d1c04742943b300b049524b15deb2aeb14","b046dc5dcd8aec646c1baedcb0e4c7d6e203c110d56dbe9a6b43649746e391d3","hall","位置检测元件及小板","purchased","3","3","件","栓两端8×6×1.3；闭盖6×6×1.8mm","DRV5032ZEDBZR + 成品小板（供货板未选定）","仅替换满足全部接口与尺寸要求的同规格件；变化须核对CAD","home_sensor | lock_sensor | cover_sensor","","闭盖候选DRV5032ZE 3.3V全极性开漏；小板包络及触发/释放待实测，未定采购SKU","1","3","3","3","unresolved","https://www.ti.com/lit/ds/symlink/drv5032.pdf","確認3.3V、全极性、非锁存、有效低开漏；量板及焊线；测触发/释放并与锁扣可通过范围对照。","只核对了芯片电气属性，三片现成板件仍未选定。旧8×6/6×6小板不能当作商品尺寸；须补充模块或重新设计支架。"
"V3-plan1.1","2026-10-01T17:30:15.736102+00:00","d1dc445e5ce543239a1012be095a35d1c04742943b300b049524b15deb2aeb14","b046dc5dcd8aec646c1baedcb0e4c7d6e203c110d56dbe9a6b43649746e391d3","magnets","小磁铁","purchased","2","10","件","Ø3×2mm","小磁铁","仅替换满足全部接口与尺寸要求的同规格件；变化须核对CAD","bolt_magnet | cover_magnet","","闭盖/锁栓各1；轴向充磁，环氧定位，触发与释放必须实测","0.5","1","10","5","physical-confirmation","","Ø3×2、轴向充磁；检查胶固定、极性及触发/释放范围。","闭盖/锁栓各1；轴向充磁，环氧定位，触发与释放必须实测"
"V3-plan1.1","2026-10-01T17:30:15.736102+00:00","d1dc445e5ce543239a1012be095a35d1c04742943b300b049524b15deb2aeb14","b046dc5dcd8aec646c1baedcb0e4c7d6e203c110d56dbe9a6b43649746e391d3","wiring","线束导线","consumables","2","5","m","红正黑地；信号黄/绿/蓝/白；预计2m，按走线裁切","AWG26多股硅胶线；电池/电机短支路按实测电流升级AWG24","仅替换满足全部接口与尺寸要求的同规格件；变化须核对CAD","battery_connector","","可拆接口经过隔墙，拔插后取出电池座","0.8","1.6","5","4","physical-confirmation","","核对导体规格、焊接绝缘、压降；每根线两端记录信号/针位。","可拆接口经过隔墙，拔插后取出电池座"
"V3-plan1.1","2026-10-01T17:30:15.736102+00:00","d1dc445e5ce543239a1012be095a35d1c04742943b300b049524b15deb2aeb14","b046dc5dcd8aec646c1baedcb0e4c7d6e203c110d56dbe9a6b43649746e391d3","pads","绝缘双面胶垫/定位薄垫","consumables","1","1","件","电机0.3；PCB底0.9/0.5；霍尔底0.4/0.5mm，均为装配压后名义值；不含窗垫","绝缘双面胶垫/定位薄垫","仅替换满足全部接口与尺寸要求的同规格件；变化须核对CAD","motor_pads | board_pads | sensor_pads","","填充板底并定位；实际压缩厚度须测量","2","2","1","2","physical-confirmation","","测实装厚度、绝缘与防脱；不能覆盖元件/热区或依赖未经确认胶粘保持力。","填充板底并定位；实际压缩厚度须测量"
"V3-plan1.1","2026-10-01T17:30:15.736102+00:00","d1dc445e5ce543239a1012be095a35d1c04742943b300b049524b15deb2aeb14","b046dc5dcd8aec646c1baedcb0e4c7d6e203c110d56dbe9a6b43649746e391d3","ties","小尼龙绑带","consumables","2","2","件","小尼龙绑带宽≤2.5mm，槽宽1.5mm处须选宽≤1.4mm或修改槽","小尼龙绑带","仅替换满足全部接口与尺寸要求的同规格件；变化须核对CAD","electronics_tray","","胶垫定位、绑带防脱","0.25","0.5","2","0.5","unresolved","","核对规格、数量、尺寸及安装接口；记录首件测量。","旧CAD绑带槽宽1.5mm；常见2.5mm绑带不适配，需窄带或局部扩槽。"
"V3-plan1.1","2026-10-01T17:30:15.736102+00:00","d1dc445e5ce543239a1012be095a35d1c04742943b300b049524b15deb2aeb14","b046dc5dcd8aec646c1baedcb0e4c7d6e203c110d56dbe9a6b43649746e391d3","filament","打印耗材预算","consumables","400","1000","g","统一颜色PETG，400g仅为预算用量，最终以切片值覆盖；0.4喷嘴/0.2层高起点","打印耗材预算","仅替换满足全部接口与尺寸要求的同规格件；变化须核对CAD","","","按自有打印机计；外包打印工时另计","0.05","20","1000","50","physical-confirmation","","核对规格、数量、尺寸及安装接口；记录首件测量。","独立耗材估算，不把STL实心体积当切片耗材；外包打印费另列。"
"V3-plan1.1","2026-10-01T17:30:15.736102+00:00","d1dc445e5ce543239a1012be095a35d1c04742943b300b049524b15deb2aeb14","b046dc5dcd8aec646c1baedcb0e4c7d6e203c110d56dbe9a6b43649746e391d3","charger","独立18650充电器","tools","0","1","件","盒外使用，不占CAD空间","单节4.2V锂离子外置充电器，有极性及过充保护","仅替换满足全部接口与尺寸要求的同规格件；变化须核对CAD","","","单列预算；若已有则不新增","15","0","1","15","physical-confirmation","","核对18650、4.2V终止充电、适用电芯及极性；取出电池后单独充电。","单列预算；若已有则不新增"
"V3-plan1.1","2026-10-01T17:30:15.736102+00:00","d1dc445e5ce543239a1012be095a35d1c04742943b300b049524b15deb2aeb14","b046dc5dcd8aec646c1baedcb0e4c7d6e203c110d56dbe9a6b43649746e391d3","hinge_guard_left","左销轴限位端盖","print","1","1","件","stl/v3/hinge_guard_left.stl","统一PETG","同规格；尺寸/接口变化须复核CAD","hinge_guard_left","","Z48.3平台落床，弧形轴端壁朝上；按左件ID打印","0","0","1","0","nominal","","核对弧面局部悬垂和沉头/工具让位口；清理滑入槽与钢销端间隙面","PETG同批同色；0.4mm喷嘴、0.2mm层高为首样起点。支撑由实际切片确认，清理后按试块和首件调整配合。 备用建议0件，另列不计装机。"
"V3-plan1.1","2026-10-01T17:30:15.736102+00:00","d1dc445e5ce543239a1012be095a35d1c04742943b300b049524b15deb2aeb14","b046dc5dcd8aec646c1baedcb0e4c7d6e203c110d56dbe9a6b43649746e391d3","hinge_guard_right","右销轴限位端盖","print","1","1","件","stl/v3/hinge_guard_right.stl","统一PETG","同规格；尺寸/接口变化须复核CAD","hinge_guard_right","","Z48.3平台落床，弧形轴端壁朝上；右件不可拿左件替代","0","0","1","0","nominal","","核对弧面局部悬垂和沉头/工具让位口；清理滑入槽与钢销端间隙面","PETG同批同色；0.4mm喷嘴、0.2mm层高为首样起点。支撑由实际切片确认，清理后按试块和首件调整配合。 备用建议0件，另列不计装机。"
"V3-plan1.1","2026-10-01T17:30:15.736102+00:00","d1dc445e5ce543239a1012be095a35d1c04742943b300b049524b15deb2aeb14","b046dc5dcd8aec646c1baedcb0e4c7d6e203c110d56dbe9a6b43649746e391d3","battery_protection","1S电池保护板","purchased","1","2","件","单节锂离子过充/过放/过流；B+/B−、P+/P−针位明确","DW01A + FS8205A 1S带焊片成品保护板（供货包络待确认）","同规格；尺寸/接口变化须复核CAD","battery_holder","","","2","2","2","4","unresolved","","量全板及绝缘包络、核对保护阈值和电机峰值电流；验证座/隔墙空间，不允许旁路保护。","现有电池座实体为74×22×21总包络，没有单列保护板适配证据；不能把芯片面积当板件面积。"
"V3-plan1.1","2026-10-01T17:30:15.736102+00:00","d1dc445e5ce543239a1012be095a35d1c04742943b300b049524b15deb2aeb14","b046dc5dcd8aec646c1baedcb0e4c7d6e203c110d56dbe9a6b43649746e391d3","battery_connector","电池插头及配对端","purchased","1","2","件","两针可拆，整对装好和出线不超过4.3×5×5旧候选；足够峰值电流","JST-SH 1.0mm 2P带线配对候选","同规格；尺寸/接口变化须复核CAD","battery_connector","","","2","2","2","4","unresolved","","量公母整对及出线；万用表确认针1红P+、针2黑P−；核对额定电流，启动/堵转超过1A则换更大接头并改CAD。","配对端一起采购；旧小包络及额定电流尚未实测。不得自动把红线当成正确针位。"
"V3-plan1.1","2026-10-01T17:30:15.736102+00:00","d1dc445e5ce543239a1012be095a35d1c04742943b300b049524b15deb2aeb14","b046dc5dcd8aec646c1baedcb0e4c7d6e203c110d56dbe9a6b43649746e391d3","pullups","霍尔信号上拉","consumables","4","10","件","10kΩ上拉到3.3V：三处霍尔OUT + 驱动FLT各一枚；若模块已有适当上拉则减少","10kΩ贴片/轴向电阻","同规格；尺寸/接口变化须复核CAD","home_sensor | lock_sensor | cover_sensor","","","0.05","0.2","10","0.5","physical-confirmation","","按规格清点和实测接口。","主候选裸DRV5032与DRV8833 FLT为开漏；实际模块上拉先量测，避免重复。"
"V3-plan1.1","2026-10-01T17:30:15.736102+00:00","d1dc445e5ce543239a1012be095a35d1c04742943b300b049524b15deb2aeb14","b046dc5dcd8aec646c1baedcb0e4c7d6e203c110d56dbe9a6b43649746e391d3","hall_decoupling","霍尔去耦电容","consumables","3","10","件","每片电源附近100nF、≥6.3V","100nF X7R","同规格；尺寸/接口变化须复核CAD","home_sensor | lock_sensor | cover_sensor","","","0.08","0.24","10","0.8","physical-confirmation","","按规格清点和实测接口。","模块已带去耦时装机数量0，须按实物BOM核对。"
"V3-plan1.1","2026-10-01T17:30:15.736102+00:00","d1dc445e5ce543239a1012be095a35d1c04742943b300b049524b15deb2aeb14","b046dc5dcd8aec646c1baedcb0e4c7d6e203c110d56dbe9a6b43649746e391d3","motor_bulk_cap","电机支路去耦","consumables","1","2","件","≥10V，100µF起点；极性、外形及走线需核对","100µF低ESR电容候选","同规格；尺寸/接口变化须复核CAD","bridge_board","","","0.5","0.5","2","1","unresolved","","按规格清点和实测接口。","模块现有去耦不能保证电机瞬态，按台架测量决定容量；独立电容安装包络待适配。"
"V3-plan1.1","2026-10-01T17:30:15.736102+00:00","d1dc445e5ce543239a1012be095a35d1c04742943b300b049524b15deb2aeb14","b046dc5dcd8aec646c1baedcb0e4c7d6e203c110d56dbe9a6b43649746e391d3","insulation","绝缘热缩与胶带","consumables","1","1","件","电池端子/焊点绝缘，保留维护路径","热缩管与聚酰亚胺胶带小包","同规格；尺寸/接口变化须复核CAD","","","","2","2","1","2","physical-confirmation","","按规格清点和实测接口。",""
"V3-plan1.1","2026-10-01T17:30:15.736102+00:00","d1dc445e5ce543239a1012be095a35d1c04742943b300b049524b15deb2aeb14","b046dc5dcd8aec646c1baedcb0e4c7d6e203c110d56dbe9a6b43649746e391d3","magnet_adhesive","磁铁定位胶","consumables","0.02","1","件","少量双组分环氧；远离接触面、轴孔和运动面","双组分环氧小包","同规格；尺寸/接口变化须复核CAD","bolt_magnet | cover_magnet","","","8","0.16","1","8","physical-confirmation","","确认塑料/磁铁兼容和完全固化，检查胶溢出及防脱。",""
"V3-plan1.1","2026-10-01T17:30:15.736102+00:00","d1dc445e5ce543239a1012be095a35d1c04742943b300b049524b15deb2aeb14","b046dc5dcd8aec646c1baedcb0e4c7d6e203c110d56dbe9a6b43649746e391d3","fit_bar","配合试棒","coupons","0","1","件","stl/v3/fit_bar.stl","统一PETG","同规格；尺寸/接口变化须复核CAD","fit_bar","","","0","0","1","0","nominal","","按规格清点和实测接口。","不计正式装机数量；耗材按切片计算。"
"V3-plan1.1","2026-10-01T17:30:15.736102+00:00","d1dc445e5ce543239a1012be095a35d1c04742943b300b049524b15deb2aeb14","b046dc5dcd8aec646c1baedcb0e4c7d6e203c110d56dbe9a6b43649746e391d3","fit_gauge","配合量规","coupons","0","1","件","stl/v3/fit_gauge.stl","统一PETG","同规格；尺寸/接口变化须复核CAD","fit_gauge","","","0","0","1","0","nominal","","按规格清点和实测接口。","不计正式装机数量；耗材按切片计算。"
"V3-plan1.1","2026-10-01T17:30:15.736102+00:00","d1dc445e5ce543239a1012be095a35d1c04742943b300b049524b15deb2aeb14","b046dc5dcd8aec646c1baedcb0e4c7d6e203c110d56dbe9a6b43649746e391d3","insert_coupon","铜螺母试孔","coupons","0","1","件","stl/v3/insert_coupon.stl","统一PETG","同规格；尺寸/接口变化须复核CAD","insert_coupon","","","0","0","1","0","nominal","","按规格清点和实测接口。","不计正式装机数量；耗材按切片计算。"
"V3-plan1.1","2026-10-01T17:30:15.736102+00:00","d1dc445e5ce543239a1012be095a35d1c04742943b300b049524b15deb2aeb14","b046dc5dcd8aec646c1baedcb0e4c7d6e203c110d56dbe9a6b43649746e391d3","keeper_insert_coupon","端盖铜螺母承座试块","coupons","0","1","件","stl/v3/keeper_insert_coupon.stl","统一PETG","同规格；尺寸/接口变化须复核CAD","keeper_insert_coupon","","","0","0","1","0","nominal","","按规格清点和实测接口。","不计正式装机数量；耗材按切片计算。"
"V3-plan1.1","2026-10-01T17:30:15.736102+00:00","d1dc445e5ce543239a1012be095a35d1c04742943b300b049524b15deb2aeb14","b046dc5dcd8aec646c1baedcb0e4c7d6e203c110d56dbe9a6b43649746e391d3","window_insert_coupon","窗片铜螺母承座试块","coupons","0","1","件","stl/v3/window_insert_coupon.stl","统一PETG","同规格；尺寸/接口变化须复核CAD","window_insert_coupon","","","0","0","1","0","nominal","","按规格清点和实测接口。","不计正式装机数量；耗材按切片计算。"
"V3-plan1.1","2026-10-01T17:30:15.736102+00:00","d1dc445e5ce543239a1012be095a35d1c04742943b300b049524b15deb2aeb14","b046dc5dcd8aec646c1baedcb0e4c7d6e203c110d56dbe9a6b43649746e391d3","hinge_bore_coupon","铰链轴孔试块","coupons","0","1","件","stl/v3/hinge_bore_coupon.stl","统一PETG","同规格；尺寸/接口变化须复核CAD","hinge_bore_coupon","","","0","0","1","0","nominal","","按规格清点和实测接口。","不计正式装机数量；耗材按切片计算。"
"V3-plan1.1","2026-10-01T17:30:15.736102+00:00","d1dc445e5ce543239a1012be095a35d1c04742943b300b049524b15deb2aeb14","b046dc5dcd8aec646c1baedcb0e4c7d6e203c110d56dbe9a6b43649746e391d3","hall_sensor_coupon","霍尔定位试块","coupons","0","1","件","stl/v3/hall_sensor_coupon.stl","统一PETG","同规格；尺寸/接口变化须复核CAD","hall_sensor_coupon","","","0","0","1","0","nominal","","按规格清点和实测接口。","不计正式装机数量；耗材按切片计算。"
"V3-plan1.1","2026-10-01T17:30:15.736102+00:00","d1dc445e5ce543239a1012be095a35d1c04742943b300b049524b15deb2aeb14","b046dc5dcd8aec646c1baedcb0e4c7d6e203c110d56dbe9a6b43649746e391d3","hall_magnet_coupon","磁铁定位试块","coupons","0","1","件","stl/v3/hall_magnet_coupon.stl","统一PETG","同规格；尺寸/接口变化须复核CAD","hall_magnet_coupon","","","0","0","1","0","nominal","","按规格清点和实测接口。","不计正式装机数量；耗材按切片计算。"
"V3-plan1.1","2026-10-01T17:30:15.736102+00:00","d1dc445e5ce543239a1012be095a35d1c04742943b300b049524b15deb2aeb14","b046dc5dcd8aec646c1baedcb0e4c7d6e203c110d56dbe9a6b43649746e391d3","hall_gap_gauge","霍尔间隙量规","coupons","0","1","件","stl/v3/hall_gap_gauge.stl","统一PETG","同规格；尺寸/接口变化须复核CAD","hall_gap_gauge","","","0","0","1","0","nominal","","按规格清点和实测接口。","不计正式装机数量；耗材按切片计算。"
"V3-plan1.1","2026-10-01T17:30:15.736102+00:00","d1dc445e5ce543239a1012be095a35d1c04742943b300b049524b15deb2aeb14","b046dc5dcd8aec646c1baedcb0e4c7d6e203c110d56dbe9a6b43649746e391d3","tool_caliper","卡尺","tools","0","1","件","工具单列，不计设备成本","现有工具优先复用","同规格；尺寸/接口变化须复核CAD","","","","25","0","1","25","physical-confirmation","","按规格清点和实测接口。",""
"V3-plan1.1","2026-10-01T17:30:15.736102+00:00","d1dc445e5ce543239a1012be095a35d1c04742943b300b049524b15deb2aeb14","b046dc5dcd8aec646c1baedcb0e4c7d6e203c110d56dbe9a6b43649746e391d3","tool_iron","可控温烙铁与热装工具","tools","0","1","件","工具单列，不计设备成本","现有工具优先复用","同规格；尺寸/接口变化须复核CAD","","","","35","0","1","35","physical-confirmation","","按规格清点和实测接口。",""
"V3-plan1.1","2026-10-01T17:30:15.736102+00:00","d1dc445e5ce543239a1012be095a35d1c04742943b300b049524b15deb2aeb14","b046dc5dcd8aec646c1baedcb0e4c7d6e203c110d56dbe9a6b43649746e391d3","tool_driver","M2/M3螺钉对应驱动头","tools","0","1","件","工具单列，不计设备成本","现有工具优先复用","同规格；尺寸/接口变化须复核CAD","","","","10","0","1","10","physical-confirmation","","按规格清点和实测接口。",""
"V3-plan1.1","2026-10-01T17:30:15.736102+00:00","d1dc445e5ce543239a1012be095a35d1c04742943b300b049524b15deb2aeb14","b046dc5dcd8aec646c1baedcb0e4c7d6e203c110d56dbe9a6b43649746e391d3","tool_multimeter","万用表","tools","0","1","件","工具单列，不计设备成本","现有工具优先复用","同规格；尺寸/接口变化须复核CAD","","","","25","0","1","25","physical-confirmation","","按规格清点和实测接口。",""
"V3-plan1.1","2026-10-01T17:30:15.736102+00:00","d1dc445e5ce543239a1012be095a35d1c04742943b300b049524b15deb2aeb14","b046dc5dcd8aec646c1baedcb0e4c7d6e203c110d56dbe9a6b43649746e391d3","tool_deburr","去毛刺工具","tools","0","1","件","工具单列，不计设备成本","现有工具优先复用","同规格；尺寸/接口变化须复核CAD","","","","8","0","1","8","physical-confirmation","","按规格清点和实测接口。",""
"V3-plan1.1","2026-10-01T17:30:15.736102+00:00","d1dc445e5ce543239a1012be095a35d1c04742943b300b049524b15deb2aeb14","b046dc5dcd8aec646c1baedcb0e4c7d6e203c110d56dbe9a6b43649746e391d3","tool_bench_supply","限流台架电源","tools","0","1","件","工具单列，不计设备成本","现有工具优先复用","同规格；尺寸/接口变化须复核CAD","","","","60","0","1","60","physical-confirmation","","按规格清点和实测接口。",""
"V3-plan1.1","2026-10-01T17:30:15.736102+00:00","d1dc445e5ce543239a1012be095a35d1c04742943b300b049524b15deb2aeb14","b046dc5dcd8aec646c1baedcb0e4c7d6e203c110d56dbe9a6b43649746e391d3","spare_latch","备用锁扣","spares","0","2","件","stl/v3/latch.stl","统一PETG","同规格；尺寸/接口变化须复核CAD","latch","","","0","0","2","0","nominal","","按规格清点和实测接口。",""
"V3-plan1.1","2026-10-01T17:30:15.736102+00:00","d1dc445e5ce543239a1012be095a35d1c04742943b300b049524b15deb2aeb14","b046dc5dcd8aec646c1baedcb0e4c7d6e203c110d56dbe9a6b43649746e391d3","external_printing","外包打印服务","services","0","1","件","整件主体有效平台≥240×120，按切片/工时另询价","待报价","同规格；尺寸/接口变化须复核CAD","","","","0","0","1","0","unresolved","","按规格清点和实测接口。","费用尚未报价，不以0元宣称免费；与设备耗材成本分开。"
"V3-plan1.1","2026-10-01T17:30:15.736102+00:00","d1dc445e5ce543239a1012be095a35d1c04742943b300b049524b15deb2aeb14","b046dc5dcd8aec646c1baedcb0e4c7d6e203c110d56dbe9a6b43649746e391d3","screw-M2x6-PAN","M2×6 普通头","purchased","14","17","枚","M2×6 mm；头部须与CAD包络匹配","公制机牙螺钉，同批次同头型","相同牙距、长度与头部；改变规格须改CAD","base_box | button_retainer | electronics_tray | esp_clip | lock_base | nut_cap | nut_carriage | upper_clip | upper_deck","F-lock-rear-left | F-lock-rear-right | F-lock-front-left | F-lock-front-right | F-deck-left | F-deck-right | F-esp-left | F-esp-right | F-driver-left | F-driver-right | F-button-bottom | F-button-top | F-nut-cap-left | F-nut-cap-right","按连接ID从对应方向安装；铜螺母或打印导孔见图纸","0.15","2.1","17","2.55","physical-confirmation","cad/v3/hardware.scad","卡尺测杆长/头径/头高，试块验证沉头；检查铜螺母啮合与盲孔底余量。","数量从CAD配置导出，不保留旧硬编码总数。"
"V3-plan1.1","2026-10-01T17:30:15.736102+00:00","d1dc445e5ce543239a1012be095a35d1c04742943b300b049524b15deb2aeb14","b046dc5dcd8aec646c1baedcb0e4c7d6e203c110d56dbe9a6b43649746e391d3","screw-M2x8-PAN","M2×8 普通头","purchased","5","10","枚","M2×8 mm；头部须与CAD包络匹配","公制机牙螺钉，同批次同头型","相同牙距、长度与头部；改变规格须改CAD","guide_cap | lock_base | motor_clamp","F-guide-rear-left | F-guide-rear-right | F-guide-front | F-motor-left | F-motor-right","按连接ID从对应方向安装；铜螺母或打印导孔见图纸","0.15","0.75","10","1.5","physical-confirmation","cad/v3/hardware.scad","卡尺测杆长/头径/头高，试块验证沉头；检查铜螺母啮合与盲孔底余量。","数量从CAD配置导出，不保留旧硬编码总数。"
"V3-plan1.1","2026-10-01T17:30:15.736102+00:00","d1dc445e5ce543239a1012be095a35d1c04742943b300b049524b15deb2aeb14","b046dc5dcd8aec646c1baedcb0e4c7d6e203c110d56dbe9a6b43649746e391d3","screw-M2x4-PAN","M2×4 普通头","purchased","2","10","枚","M2×4 mm；头部须与CAD包络匹配","公制机牙螺钉，同批次同头型","相同牙距、长度与头部；改变规格须改CAD","base_box | electronics_tray","F-tray-left | F-tray-right","按连接ID从对应方向安装；铜螺母或打印导孔见图纸","0.15","0.3","10","1.5","physical-confirmation","cad/v3/hardware.scad","卡尺测杆长/头径/头高，试块验证沉头；检查铜螺母啮合与盲孔底余量。","数量从CAD配置导出，不保留旧硬编码总数。"
"V3-plan1.1","2026-10-01T17:30:15.736102+00:00","d1dc445e5ce543239a1012be095a35d1c04742943b300b049524b15deb2aeb14","b046dc5dcd8aec646c1baedcb0e4c7d6e203c110d56dbe9a6b43649746e391d3","screw-M2x6-CS","M2×6 沉头","purchased","8","11","枚","M2×6 mm；头部须与CAD包络匹配","公制机牙螺钉，同批次同头型","相同牙距、长度与头部；改变规格须改CAD","base_box | hinge_guard_left | hinge_guard_right | inserts_fixed | lid | oled_bridge | window_grille","F-oled-left | F-oled-right | F-hinge-left | F-hinge-right | F-window-rear-left | F-window-rear-right | F-window-front-left | F-window-front-right","按连接ID从对应方向安装；铜螺母或打印导孔见图纸","0.15","1.2","11","1.65","physical-confirmation","cad/v3/hardware.scad","卡尺测杆长/头径/头高，试块验证沉头；检查铜螺母啮合与盲孔底余量。","数量从CAD配置导出，不保留旧硬编码总数。"
"V3-plan1.1","2026-10-01T17:30:15.736102+00:00","d1dc445e5ce543239a1012be095a35d1c04742943b300b049524b15deb2aeb14","b046dc5dcd8aec646c1baedcb0e4c7d6e203c110d56dbe9a6b43649746e391d3","screw-M2x8-CS","M2×8 沉头","purchased","4","10","枚","M2×8 mm；头部须与CAD包络匹配","公制机牙螺钉，同批次同头型","相同牙距、长度与头部；改变规格须改CAD","base_box | battery_hatch","F-battery-rear-left | F-battery-rear-right | F-battery-front-left | F-battery-front-right","按连接ID从对应方向安装；铜螺母或打印导孔见图纸","0.15","0.6","10","1.5","physical-confirmation","cad/v3/hardware.scad","卡尺测杆长/头径/头高，试块验证沉头；检查铜螺母啮合与盲孔底余量。","数量从CAD配置导出，不保留旧硬编码总数。"
"V3-plan1.1","2026-10-01T17:30:15.736102+00:00","d1dc445e5ce543239a1012be095a35d1c04742943b300b049524b15deb2aeb14","b046dc5dcd8aec646c1baedcb0e4c7d6e203c110d56dbe9a6b43649746e391d3","screw-M3x8-PAN","M3×8 普通头","purchased","2","10","枚","M3×8 mm；头部须与CAD包络匹配","公制机牙螺钉，同批次同头型","相同牙距、长度与头部；改变规格须改CAD","latch_retainer | lid","F-latch-left | F-latch-right","按连接ID从对应方向安装；铜螺母或打印导孔见图纸","0.15","0.3","10","1.5","physical-confirmation","cad/v3/hardware.scad","卡尺测杆长/头径/头高，试块验证沉头；检查铜螺母啮合与盲孔底余量。","数量从CAD配置导出，不保留旧硬编码总数。"
